end_code,country_code,domaincat_desc,statisticcat_desc,location_desc,zip_5,source_desc,state_ansi,week_ending,prodn_practice_desc,county_code,congr_district_code,CV (%),year,Value,group_desc,country_name,class_desc,domain_desc,util_practice_desc,asd_desc,watershed_desc,agg_level_desc,county_name,county_ansi,state_alpha,state_name,load_time,commodity_desc,region_desc,freq_desc,unit_desc,state_fips_code,watershed_code,short_desc,begin_code,sector_desc,asd_code,reference_period_desc
00,9000,NOT SPECIFIED,YIELD,"CALIFORNIA, CENTRAL COAST, OTHER (COMBINED) COUNTIES",,SURVEY,06,,ALL PRODUCTION PRACTICES,998,,,2019,44.9,FIELD CROPS,UNITED STATES,ALL CLASSES,TOTAL,GRAIN,CENTRAL COAST,,COUNTY,OTHER (COMBINED) COUNTIES,,CA,CALIFORNIA,2021-02-25 15:10:17.000,CORN,,ANNUAL,BU / ACRE,06,00000000,"CORN, GRAIN - YIELD, MEASURED IN BU / ACRE",00,CROPS,40,YEAR
ALL PRODUCTION PRACTICES,998,,,00,9000,NOT SPECIFIED,"CALIFORNIA, CENTRAL COAST, OTHER (COMBINED) COUNTIES",YIELD,,SURVEY,,06,TOTAL,GRAIN,2016,145.1,FIELD CROPS,UNITED STATES,ALL CLASSES,COUNTY,OTHER (COMBINED) COUNTIES,CA,,CENTRAL COAST,,ANNUAL,BU / ACRE,06,00000000,"CORN, GRAIN - YIELD, MEASURED IN BU / ACRE",40,CROPS,00,YEAR,2017-02-23 15:00:08.000,CALIFORNIA,CORN,
,CENTRAL COAST,,CA,OTHER (COMBINED) COUNTIES,COUNTY,,CORN,CALIFORNIA,2015-06-03 15:08:31.000,CROPS,00,YEAR,40,"CORN, GRAIN - YIELD, MEASURED IN BU / ACRE",00000000,06,BU / ACRE,ANNUAL,,06,SURVEY,,YIELD,"CALIFORNIA, CENTRAL COAST, OTHER (COMBINED) COUNTIES",NOT SPECIFIED,9000,00,,,998,ALL PRODUCTION PRACTICES,ALL CLASSES,UNITED STATES,FIELD CROPS,147.5,2012,GRAIN,TOTAL
GRAIN,TOTAL,UNITED STATES,ALL CLASSES,2019,153.6,FIELD CROPS,,ALL PRODUCTION PRACTICES,998,,YIELD,"CALIFORNIA, SACRAMENTO VALLEY, OTHER (COMBINED) COUNTIES",,SURVEY,06,,00,9000,NOT SPECIFIED,06,BU / ACRE,00000000,"CORN, GRAIN - YIELD, MEASURED IN BU / ACRE",CROPS,50,YEAR,00,ANNUAL,CALIFORNIA,2021-02-25 15:10:17.000,CORN,,OTHER (COMBINED) COUNTIES,CA,,COUNTY,,SACRAMENTO VALLEY
"CORN, GRAIN - YIELD, MEASURED IN BU / ACRE",CROPS,50,YEAR,00,06,BU / ACRE,00000000,ANNUAL,CORN,,CALIFORNIA,2019-03-21 15:00:18.000,OTHER (COMBINED) COUNTIES,CA,,COUNTY,,SACRAMENTO VALLEY,GRAIN,TOTAL,ALL CLASSES,UNITED STATES,FIELD CROPS,2018,207.5,,998,,ALL PRODUCTION PRACTICES,SURVEY,06,,"CALIFORNIA, SACRAMENTO VALLEY, OTHER (COMBINED) COUNTIES",YIELD,,NOT SPECIFIED,00,9000
ANNUAL,50,CROPS,00,YEAR,"CORN, GRAIN - YIELD, MEASURED IN BU / ACRE",00000000,06,BU / ACRE,,CORN,CALIFORNIA,2017-02-23 15:00:08.000,COUNTY,CA,,OTHER (COMBINED) COUNTIES,SACRAMENTO VALLEY,,TOTAL,GRAIN,FIELD CROPS,262.2,2016,ALL CLASSES,UNITED STATES,,998,ALL PRODUCTION PRACTICES,,NOT SPECIFIED,9000,00,06,,SURVEY,,"CALIFORNIA, SACRAMENTO VALLEY, OTHER (COMBINED) COUNTIES",YIELD
ALL CLASSES,UNITED STATES,FIELD CROPS,2015,189.2,GRAIN,TOTAL,SURVEY,,06,"CALIFORNIA, SACRAMENTO VALLEY, OTHER (COMBINED) COUNTIES",YIELD,,NOT SPECIFIED,00,9000,,998,,ALL PRODUCTION PRACTICES,CORN,,CALIFORNIA,2017-02-23 15:00:08.000,"CORN, GRAIN - YIELD, MEASURED IN BU / ACRE",50,00,CROPS,YEAR,06,BU / ACRE,00000000,ANNUAL,,SACRAMENTO VALLEY,OTHER (COMBINED) COUNTIES,CA,,COUNTY
CORN,,CALIFORNIA,2015-02-19 15:38:52.000,ANNUAL,"CORN, GRAIN - YIELD, MEASURED IN BU / ACRE",YEAR,CROPS,50,00,06,BU / ACRE,00000000,SACRAMENTO VALLEY,,COUNTY,OTHER (COMBINED) COUNTIES,CA,,FIELD CROPS,2014,168.9,ALL CLASSES,UNITED STATES,TOTAL,GRAIN,NOT SPECIFIED,00,9000,SURVEY,,06,YIELD,"CALIFORNIA, SACRAMENTO VALLEY, OTHER (COMBINED) COUNTIES",,998,,ALL PRODUCTION PRACTICES,
,"CALIFORNIA, SACRAMENTO VALLEY, OTHER (COMBINED) COUNTIES",YIELD,06,,SURVEY,9000,00,NOT SPECIFIED,,ALL PRODUCTION PRACTICES,,998,UNITED STATES,ALL CLASSES,233.6,2013,FIELD CROPS,GRAIN,TOTAL,,SACRAMENTO VALLEY,,CA,OTHER (COMBINED) COUNTIES,COUNTY,2015-02-19 15:38:52.000,CALIFORNIA,,CORN,00000000,06,BU / ACRE,YEAR,50,00,CROPS,"CORN, GRAIN - YIELD, MEASURED IN BU / ACRE",ANNUAL
"CALIFORNIA, SACRAMENTO VALLEY, OTHER (COMBINED) COUNTIES",YIELD,,SURVEY,,06,00,9000,NOT SPECIFIED,,ALL PRODUCTION PRACTICES,998,,UNITED STATES,ALL CLASSES,2012,203.1,FIELD CROPS,GRAIN,TOTAL,,SACRAMENTO VALLEY,OTHER (COMBINED) COUNTIES,,CA,COUNTY,CALIFORNIA,2015-06-03 15:08:31.000,CORN,,BU / ACRE,06,00000000,"CORN, GRAIN - YIELD, MEASURED IN BU / ACRE",CROPS,50,YEAR,00,ANNUAL
"CALIFORNIA, SACRAMENTO VALLEY, OTHER (COMBINED) COUNTIES",YIELD,,SURVEY,06,,00,9000,NOT SPECIFIED,,ALL PRODUCTION PRACTICES,998,,UNITED STATES,ALL CLASSES,2011,128.3,FIELD CROPS,GRAIN,TOTAL,,SACRAMENTO VALLEY,OTHER (COMBINED) COUNTIES,CA,,COUNTY,CALIFORNIA,2015-06-03 15:08:31.000,CORN,,BU / ACRE,06,00000000,"CORN, GRAIN - YIELD, MEASURED IN BU / ACRE",00,50,CROPS,YEAR,ANNUAL
YIELD,"CALIFORNIA, SACRAMENTO VALLEY, OTHER (COMBINED) COUNTIES",,SURVEY,06,,00,9000,NOT SPECIFIED,,ALL PRODUCTION PRACTICES,998,,UNITED STATES,ALL CLASSES,2010,196,FIELD CROPS,GRAIN,TOTAL,,SACRAMENTO VALLEY,OTHER (COMBINED) COUNTIES,CA,,COUNTY,CALIFORNIA,2015-06-03 15:08:31.000,CORN,,BU / ACRE,06,00000000,"CORN, GRAIN - YIELD, MEASURED IN BU / ACRE",50,CROPS,YEAR,00,ANNUAL
CALIFORNIA,2015-06-03 15:08:31.000,CORN,,06,BU / ACRE,00000000,"CORN, GRAIN - YIELD, MEASURED IN BU / ACRE",00,CROPS,50,YEAR,ANNUAL,,SACRAMENTO VALLEY,BUTTE,CA,007,COUNTY,UNITED STATES,ALL CLASSES,2012,200,FIELD CROPS,GRAIN,TOTAL,YIELD,"CALIFORNIA, SACRAMENTO VALLEY, BUTTE",,SURVEY,,06,00,9000,NOT SPECIFIED,,ALL PRODUCTION PRACTICES,007,
COLUSA,CA,011,COUNTY,,SACRAMENTO VALLEY,"CORN, GRAIN - YIELD, MEASURED IN BU / ACRE",CROPS,YEAR,50,00,06,BU / ACRE,00000000,ANNUAL,CORN,,CALIFORNIA,2023-02-24 15:00:00.000,08.40,011,,ALL PRODUCTION PRACTICES,SURVEY,06,,"CALIFORNIA, SACRAMENTO VALLEY, COLUSA",YIELD,,NOT SPECIFIED,00,9000,GRAIN,TOTAL,ALL CLASSES,UNITED STATES,FIELD CROPS,2021,195.1
UNITED STATES,ALL CLASSES,2013,197.5,FIELD CROPS,GRAIN,TOTAL,"CALIFORNIA, SACRAMENTO VALLEY, COLUSA",YIELD,,SURVEY,06,,00,9000,NOT SPECIFIED,,ALL PRODUCTION PRACTICES,011,,2015-02-19 15:38:52.000,CALIFORNIA,CORN,,BU / ACRE,06,00000000,"CORN, GRAIN - YIELD, MEASURED IN BU / ACRE",00,CROPS,YEAR,50,ANNUAL,,SACRAMENTO VALLEY,COLUSA,011,CA,COUNTY
011,,ALL PRODUCTION PRACTICES,,NOT SPECIFIED,00,9000,SURVEY,,06,"CALIFORNIA, SACRAMENTO VALLEY, COLUSA",YIELD,,TOTAL,GRAIN,FIELD CROPS,2012,214.3,ALL CLASSES,UNITED STATES,COUNTY,COLUSA,CA,011,SACRAMENTO VALLEY,,ANNUAL,"CORN, GRAIN - YIELD, MEASURED IN BU / ACRE",YEAR,50,CROPS,00,BU / ACRE,06,00000000,CORN,,CALIFORNIA,2015-06-03 15:08:31.000
TOTAL,GRAIN,2011,166.3,FIELD CROPS,UNITED STATES,ALL CLASSES,ALL PRODUCTION PRACTICES,011,,,00,9000,NOT SPECIFIED,YIELD,"CALIFORNIA, SACRAMENTO VALLEY, COLUSA",,SURVEY,06,,ANNUAL,06,BU / ACRE,00000000,"CORN, GRAIN - YIELD, MEASURED IN BU / ACRE",YEAR,CROPS,00,50,2015-06-03 15:08:31.000,CALIFORNIA,CORN,,COUNTY,COLUSA,CA,011,SACRAMENTO VALLEY,
9000,00,NOT SPECIFIED,,"CALIFORNIA, SACRAMENTO VALLEY, COLUSA",YIELD,06,,SURVEY,ALL PRODUCTION PRACTICES,,011,,221.4,2010,FIELD CROPS,UNITED STATES,ALL CLASSES,TOTAL,GRAIN,SACRAMENTO VALLEY,,COUNTY,CA,011,COLUSA,CALIFORNIA,2015-06-03 15:08:31.000,,CORN,ANNUAL,00000000,BU / ACRE,06,CROPS,00,50,YEAR,"CORN, GRAIN - YIELD, MEASURED IN BU / ACRE"
00,9000,NOT SPECIFIED,"CALIFORNIA, SACRAMENTO VALLEY, GLENN",YIELD,,SURVEY,06,,ALL PRODUCTION PRACTICES,021,,,2019,153.1,FIELD CROPS,UNITED STATES,ALL CLASSES,TOTAL,GRAIN,SACRAMENTO VALLEY,,COUNTY,GLENN,021,CA,2021-02-25 15:10:17.000,CALIFORNIA,CORN,,ANNUAL,BU / ACRE,06,00000000,"CORN, GRAIN - YIELD, MEASURED IN BU / ACRE",50,CROPS,YEAR,00
SACRAMENTO VALLEY,,COUNTY,021,CA,GLENN,,CORN,2019-03-21 15:00:18.000,CALIFORNIA,ANNUAL,CROPS,50,YEAR,00,"CORN, GRAIN - YIELD, MEASURED IN BU / ACRE",00000000,06,BU / ACRE,NOT SPECIFIED,9000,00,,06,SURVEY,,"CALIFORNIA, SACRAMENTO VALLEY, GLENN",YIELD,,021,ALL PRODUCTION PRACTICES,,FIELD CROPS,162,2018,ALL CLASSES,UNITED STATES,TOTAL,GRAIN
ALL PRODUCTION PRACTICES,021,,,00,9000,NOT SPECIFIED,"CALIFORNIA, SACRAMENTO VALLEY, GLENN",YIELD,,SURVEY,,06,TOTAL,GRAIN,2016,255.4,FIELD CROPS,UNITED STATES,ALL CLASSES,COUNTY,GLENN,021,CA,SACRAMENTO VALLEY,,ANNUAL,BU / ACRE,06,00000000,"CORN, GRAIN - YIELD, MEASURED IN BU / ACRE",CROPS,00,50,YEAR,CALIFORNIA,2017-02-23 15:00:08.000,CORN,
,SACRAMENTO VALLEY,CA,021,GLENN,COUNTY,,CORN,CALIFORNIA,2017-02-23 15:00:08.000,CROPS,00,YEAR,50,"CORN, GRAIN - YIELD, MEASURED IN BU / ACRE",00000000,06,BU / ACRE,ANNUAL,,06,SURVEY,,"CALIFORNIA, SACRAMENTO VALLEY, GLENN",YIELD,NOT SPECIFIED,9000,00,,,021,ALL PRODUCTION PRACTICES,ALL CLASSES,UNITED STATES,FIELD CROPS,193.2,2015,GRAIN,TOTAL
UNITED STATES,ALL CLASSES,2014,196.7,FIELD CROPS,GRAIN,TOTAL,"CALIFORNIA, SACRAMENTO VALLEY, GLENN",YIELD,,SURVEY,,06,00,9000,NOT SPECIFIED,,ALL PRODUCTION PRACTICES,021,,2015-02-19 15:38:52.000,CALIFORNIA,CORN,,06,BU / ACRE,00000000,"CORN, GRAIN - YIELD, MEASURED IN BU / ACRE",CROPS,00,50,YEAR,ANNUAL,,SACRAMENTO VALLEY,GLENN,021,CA,COUNTY
GRAIN,TOTAL,UNITED STATES,ALL CLASSES,2012,208.2,FIELD CROPS,,ALL PRODUCTION PRACTICES,021,,YIELD,"CALIFORNIA, SACRAMENTO VALLEY, GLENN",,SURVEY,06,,00,9000,NOT SPECIFIED,BU / ACRE,06,00000000,"CORN, GRAIN - YIELD, MEASURED IN BU / ACRE",YEAR,CROPS,50,00,ANNUAL,CALIFORNIA,2015-06-03 15:08:31.000,CORN,,GLENN,021,CA,COUNTY,,SACRAMENTO VALLEY
GRAIN,TOTAL,ALL CLASSES,UNITED STATES,FIELD CROPS,2011,232,,021,,ALL PRODUCTION PRACTICES,SURVEY,,06,"CALIFORNIA, SACRAMENTO VALLEY, GLENN",YIELD,,NOT SPECIFIED,00,9000,"CORN, GRAIN - YIELD, MEASURED IN BU / ACRE",00,50,CROPS,YEAR,BU / ACRE,06,00000000,ANNUAL,CORN,,2015-06-03 15:08:31.000,CALIFORNIA,GLENN,021,CA,COUNTY,,SACRAMENTO VALLEY
COUNTY,021,CA,GLENN,SACRAMENTO VALLEY,,ANNUAL,50,00,CROPS,YEAR,"CORN, GRAIN - YIELD, MEASURED IN BU / ACRE",00000000,06,BU / ACRE,,CORN,CALIFORNIA,2015-06-03 15:08:31.000,,021,ALL PRODUCTION PRACTICES,,NOT SPECIFIED,9000,00,,06,SURVEY,,YIELD,"CALIFORNIA, SACRAMENTO VALLEY, GLENN",TOTAL,GRAIN,FIELD CROPS,238.8,2010,ALL CLASSES,UNITED STATES
,CORN,2023-02-24 15:00:00.000,CALIFORNIA,ANNUAL,CROPS,00,YEAR,50,"CORN, GRAIN - YIELD, MEASURED IN BU / ACRE",00000000,BU / ACRE,06,SACRAMENTO VALLEY,,COUNTY,067,CA,SACRAMENTO,FIELD CROPS,185.6,2022,ALL CLASSES,UNITED STATES,TOTAL,GRAIN,NOT SPECIFIED,9000,00,06,,SURVEY,,YIELD,"CALIFORNIA, SACRAMENTO VALLEY, SACRAMENTO",,067,ALL PRODUCTION PRACTICES,04.90
,CORN,CALIFORNIA,2023-02-24 15:00:00.000,ANNUAL,50,CROPS,00,YEAR,"CORN, GRAIN - YIELD, MEASURED IN BU / ACRE",00000000,BU / ACRE,06,SACRAMENTO VALLEY,,COUNTY,067,CA,SACRAMENTO,FIELD CROPS,277.1,2021,ALL CLASSES,UNITED STATES,TOTAL,GRAIN,NOT SPECIFIED,9000,00,06,,SURVEY,,YIELD,"CALIFORNIA, SACRAMENTO VALLEY, SACRAMENTO",,067,ALL PRODUCTION PRACTICES,03.50
ALL CLASSES,UNITED STATES,FIELD CROPS,150,2019,GRAIN,TOTAL,06,,SURVEY,,"CALIFORNIA, SACRAMENTO VALLEY, SACRAMENTO",YIELD,NOT SPECIFIED,9000,00,,,067,ALL PRODUCTION PRACTICES,,CORN,CALIFORNIA,2021-02-25 15:10:17.000,CROPS,50,00,YEAR,"CORN, GRAIN - YIELD, MEASURED IN BU / ACRE",00000000,BU / ACRE,06,ANNUAL,,SACRAMENTO VALLEY,CA,067,SACRAMENTO,COUNTY
ANNUAL,00000000,06,BU / ACRE,CROPS,50,00,YEAR,"CORN, GRAIN - YIELD, MEASURED IN BU / ACRE",2019-03-21 15:00:18.000,CALIFORNIA,,CORN,COUNTY,067,CA,SACRAMENTO,SACRAMENTO VALLEY,,TOTAL,GRAIN,172.9,2018,FIELD CROPS,UNITED STATES,ALL CLASSES,ALL PRODUCTION PRACTICES,,067,,9000,00,NOT SPECIFIED,,"CALIFORNIA, SACRAMENTO VALLEY, SACRAMENTO",YIELD,,06,SURVEY
,CORN,CALIFORNIA,2017-02-23 15:00:08.000,ANNUAL,CROPS,00,50,YEAR,"CORN, GRAIN - YIELD, MEASURED IN BU / ACRE",00000000,06,BU / ACRE,SACRAMENTO VALLEY,,COUNTY,067,CA,SACRAMENTO,FIELD CROPS,213.5,2016,ALL CLASSES,UNITED STATES,TOTAL,GRAIN,NOT SPECIFIED,9000,00,,06,SURVEY,,YIELD,"CALIFORNIA, SACRAMENTO VALLEY, SACRAMENTO",,067,ALL PRODUCTION PRACTICES,
,ALL PRODUCTION PRACTICES,,067,,"CALIFORNIA, SACRAMENTO VALLEY, SACRAMENTO",YIELD,,06,SURVEY,9000,00,NOT SPECIFIED,GRAIN,TOTAL,UNITED STATES,ALL CLASSES,157.4,2015,FIELD CROPS,067,CA,SACRAMENTO,COUNTY,,SACRAMENTO VALLEY,00000000,BU / ACRE,06,YEAR,CROPS,50,00,"CORN, GRAIN - YIELD, MEASURED IN BU / ACRE",ANNUAL,2017-02-23 15:00:08.000,CALIFORNIA,,CORN
,067,ALL PRODUCTION PRACTICES,,NOT SPECIFIED,9000,00,,06,SURVEY,,YIELD,"CALIFORNIA, SACRAMENTO VALLEY, SACRAMENTO",TOTAL,GRAIN,FIELD CROPS,173,2014,ALL CLASSES,UNITED STATES,COUNTY,CA,067,SACRAMENTO,SACRAMENTO VALLEY,,ANNUAL,CROPS,50,00,YEAR,"CORN, GRAIN - YIELD, MEASURED IN BU / ACRE",00000000,BU / ACRE,06,,CORN,CALIFORNIA,2015-02-19 15:38:52.000
GRAIN,TOTAL,ALL CLASSES,UNITED STATES,FIELD CROPS,2013,173.9,,067,,ALL PRODUCTION PRACTICES,SURVEY,,06,YIELD,"CALIFORNIA, SACRAMENTO VALLEY, SACRAMENTO",,NOT SPECIFIED,00,9000,"CORN, GRAIN - YIELD, MEASURED IN BU / ACRE",CROPS,00,YEAR,50,BU / ACRE,06,00000000,ANNUAL,CORN,,CALIFORNIA,2015-02-19 15:38:52.000,SACRAMENTO,CA,067,COUNTY,,SACRAMENTO VALLEY
TOTAL,GRAIN,FIELD CROPS,165.9,2012,ALL CLASSES,UNITED STATES,,067,ALL PRODUCTION PRACTICES,,NOT SPECIFIED,9000,00,06,,SURVEY,,YIELD,"CALIFORNIA, SACRAMENTO VALLEY, SACRAMENTO",ANNUAL,YEAR,50,CROPS,00,"CORN, GRAIN - YIELD, MEASURED IN BU / ACRE",00000000,BU / ACRE,06,,CORN,2015-06-03 15:08:31.000,CALIFORNIA,COUNTY,CA,067,SACRAMENTO,SACRAMENTO VALLEY,
UNITED STATES,ALL CLASSES,2011,167.9,FIELD CROPS,GRAIN,TOTAL,YIELD,"CALIFORNIA, SACRAMENTO VALLEY, SACRAMENTO",,SURVEY,06,,00,9000,NOT SPECIFIED,,ALL PRODUCTION PRACTICES,067,,2015-06-03 15:08:31.000,CALIFORNIA,CORN,,BU / ACRE,06,00000000,"CORN, GRAIN - YIELD, MEASURED IN BU / ACRE",CROPS,00,50,YEAR,ANNUAL,,SACRAMENTO VALLEY,SACRAMENTO,CA,067,COUNTY
00000000,BU / ACRE,06,CROPS,00,50,YEAR,"CORN, GRAIN - YIELD, MEASURED IN BU / ACRE",ANNUAL,2015-06-03 15:08:31.000,CALIFORNIA,,CORN,067,CA,SACRAMENTO,COUNTY,,SACRAMENTO VALLEY,GRAIN,TOTAL,UNITED STATES,ALL CLASSES,164.1,2010,FIELD CROPS,,ALL PRODUCTION PRACTICES,,067,,"CALIFORNIA, SACRAMENTO VALLEY, SACRAMENTO",YIELD,,06,SURVEY,9000,00,NOT SPECIFIED
GRAIN,TOTAL,UNITED STATES,ALL CLASSES,164.7,2018,FIELD CROPS,,ALL PRODUCTION PRACTICES,,095,,YIELD,"CALIFORNIA, SACRAMENTO VALLEY, SOLANO",06,,SURVEY,9000,00,NOT SPECIFIED,00000000,BU / ACRE,06,50,CROPS,00,YEAR,"CORN, GRAIN - YIELD, MEASURED IN BU / ACRE",ANNUAL,CALIFORNIA,2019-03-21 15:00:18.000,,CORN,CA,095,SOLANO,COUNTY,,SACRAMENTO VALLEY
COUNTY,SOLANO,095,CA,SACRAMENTO VALLEY,,ANNUAL,BU / ACRE,06,00000000,"CORN, GRAIN - YIELD, MEASURED IN BU / ACRE",CROPS,50,00,YEAR,CALIFORNIA,2017-02-23 15:00:08.000,CORN,,ALL PRODUCTION PRACTICES,095,,,00,9000,NOT SPECIFIED,YIELD,"CALIFORNIA, SACRAMENTO VALLEY, SOLANO",,SURVEY,,06,TOTAL,GRAIN,2016,193.9,FIELD CROPS,UNITED STATES,ALL CLASSES
GRAIN,TOTAL,ALL CLASSES,UNITED STATES,FIELD CROPS,155.6,2015,,,095,ALL PRODUCTION PRACTICES,06,,SURVEY,,"CALIFORNIA, SACRAMENTO VALLEY, SOLANO",YIELD,NOT SPECIFIED,9000,00,YEAR,CROPS,00,50,"CORN, GRAIN - YIELD, MEASURED IN BU / ACRE",00000000,06,BU / ACRE,ANNUAL,,CORN,CALIFORNIA,2017-02-23 15:00:08.000,CA,095,SOLANO,COUNTY,,SACRAMENTO VALLEY
CORN,,CALIFORNIA,2015-02-19 15:38:52.000,"CORN, GRAIN - YIELD, MEASURED IN BU / ACRE",YEAR,CROPS,00,50,06,BU / ACRE,00000000,ANNUAL,,SACRAMENTO VALLEY,SOLANO,095,CA,COUNTY,ALL CLASSES,UNITED STATES,FIELD CROPS,2014,170,GRAIN,TOTAL,SURVEY,,06,"CALIFORNIA, SACRAMENTO VALLEY, SOLANO",YIELD,,NOT SPECIFIED,00,9000,,095,,ALL PRODUCTION PRACTICES
,ALL PRODUCTION PRACTICES,,095,,"CALIFORNIA, SACRAMENTO VALLEY, SOLANO",YIELD,06,,SURVEY,9000,00,NOT SPECIFIED,GRAIN,TOTAL,UNITED STATES,ALL CLASSES,201.8,2013,FIELD CROPS,CA,095,SOLANO,COUNTY,,SACRAMENTO VALLEY,00000000,06,BU / ACRE,00,50,YEAR,CROPS,"CORN, GRAIN - YIELD, MEASURED IN BU / ACRE",ANNUAL,CALIFORNIA,2015-02-19 15:38:52.000,,CORN
SACRAMENTO VALLEY,,COUNTY,095,CA,SOLANO,2015-06-03 15:08:31.000,CALIFORNIA,,CORN,ANNUAL,00000000,BU / ACRE,06,00,CROPS,50,YEAR,"CORN, GRAIN - YIELD, MEASURED IN BU / ACRE",9000,00,NOT SPECIFIED,,"CALIFORNIA, SACRAMENTO VALLEY, SOLANO",YIELD,06,,SURVEY,ALL PRODUCTION PRACTICES,,095,,201.9,2012,FIELD CROPS,UNITED STATES,ALL CLASSES,TOTAL,GRAIN
50,CROPS,00,YEAR,"CORN, GRAIN - YIELD, MEASURED IN BU / ACRE",00000000,BU / ACRE,06,ANNUAL,,CORN,2015-06-03 15:08:31.000,CALIFORNIA,CA,095,SOLANO,COUNTY,,SACRAMENTO VALLEY,GRAIN,TOTAL,ALL CLASSES,UNITED STATES,FIELD CROPS,192.2,2011,,,095,ALL PRODUCTION PRACTICES,06,,SURVEY,,YIELD,"CALIFORNIA, SACRAMENTO VALLEY, SOLANO",NOT SPECIFIED,9000,00
ANNUAL,06,BU / ACRE,00000000,"CORN, GRAIN - YIELD, MEASURED IN BU / ACRE",50,CROPS,00,YEAR,2015-06-03 15:08:31.000,CALIFORNIA,CORN,,COUNTY,SOLANO,CA,095,SACRAMENTO VALLEY,,TOTAL,GRAIN,2010,200,FIELD CROPS,UNITED STATES,ALL CLASSES,ALL PRODUCTION PRACTICES,095,,,00,9000,NOT SPECIFIED,YIELD,"CALIFORNIA, SACRAMENTO VALLEY, SOLANO",,SURVEY,06,
CORN,,2023-02-24 15:00:00.000,CALIFORNIA,ANNUAL,"CORN, GRAIN - YIELD, MEASURED IN BU / ACRE",00,50,YEAR,CROPS,BU / ACRE,06,00000000,SACRAMENTO VALLEY,,COUNTY,SUTTER,101,CA,FIELD CROPS,2022,133.8,ALL CLASSES,UNITED STATES,TOTAL,GRAIN,NOT SPECIFIED,00,9000,SURVEY,06,,"CALIFORNIA, SACRAMENTO VALLEY, SUTTER",YIELD,,101,,ALL PRODUCTION PRACTICES,17.40
FIELD CROPS,2021,177.7,ALL CLASSES,UNITED STATES,TOTAL,GRAIN,NOT SPECIFIED,00,9000,SURVEY,06,,YIELD,"CALIFORNIA, SACRAMENTO VALLEY, SUTTER",,101,,ALL PRODUCTION PRACTICES,32.10,CORN,,CALIFORNIA,2023-02-24 15:00:00.000,ANNUAL,"CORN, GRAIN - YIELD, MEASURED IN BU / ACRE",50,00,CROPS,YEAR,06,BU / ACRE,00000000,SACRAMENTO VALLEY,,COUNTY,SUTTER,101,CA
ANNUAL,00000000,06,BU / ACRE,50,CROPS,00,YEAR,"CORN, GRAIN - YIELD, MEASURED IN BU / ACRE",2021-02-25 15:10:17.000,CALIFORNIA,,CORN,COUNTY,101,CA,SUTTER,SACRAMENTO VALLEY,,TOTAL,GRAIN,147.1,2019,FIELD CROPS,UNITED STATES,ALL CLASSES,ALL PRODUCTION PRACTICES,,101,,9000,00,NOT SPECIFIED,,YIELD,"CALIFORNIA, SACRAMENTO VALLEY, SUTTER",,06,SURVEY
COUNTY,SUTTER,CA,101,SACRAMENTO VALLEY,,ANNUAL,"CORN, GRAIN - YIELD, MEASURED IN BU / ACRE",YEAR,50,00,CROPS,06,BU / ACRE,00000000,CORN,,2019-03-21 15:00:18.000,CALIFORNIA,101,,ALL PRODUCTION PRACTICES,,NOT SPECIFIED,00,9000,SURVEY,06,,"CALIFORNIA, SACRAMENTO VALLEY, SUTTER",YIELD,,TOTAL,GRAIN,FIELD CROPS,2018,210,ALL CLASSES,UNITED STATES
ANNUAL,"CORN, GRAIN - YIELD, MEASURED IN BU / ACRE",CROPS,50,YEAR,00,06,BU / ACRE,00000000,CORN,,2017-02-23 15:00:08.000,CALIFORNIA,COUNTY,SUTTER,CA,101,SACRAMENTO VALLEY,,TOTAL,GRAIN,FIELD CROPS,2016,264.1,ALL CLASSES,UNITED STATES,101,,ALL PRODUCTION PRACTICES,,NOT SPECIFIED,00,9000,SURVEY,,06,"CALIFORNIA, SACRAMENTO VALLEY, SUTTER",YIELD,
06,BU / ACRE,00000000,"CORN, GRAIN - YIELD, MEASURED IN BU / ACRE",50,YEAR,CROPS,00,ANNUAL,CALIFORNIA,2015-02-19 15:38:52.000,CORN,,SUTTER,101,CA,COUNTY,,SACRAMENTO VALLEY,GRAIN,TOTAL,UNITED STATES,ALL CLASSES,2014,225,FIELD CROPS,,ALL PRODUCTION PRACTICES,101,,"CALIFORNIA, SACRAMENTO VALLEY, SUTTER",YIELD,,SURVEY,,06,00,9000,NOT SPECIFIED
SUTTER,CA,101,COUNTY,,SACRAMENTO VALLEY,BU / ACRE,06,00000000,"CORN, GRAIN - YIELD, MEASURED IN BU / ACRE",00,CROPS,50,YEAR,ANNUAL,CALIFORNIA,2015-02-19 15:38:52.000,CORN,,,ALL PRODUCTION PRACTICES,101,,YIELD,"CALIFORNIA, SACRAMENTO VALLEY, SUTTER",,SURVEY,06,,00,9000,NOT SPECIFIED,GRAIN,TOTAL,UNITED STATES,ALL CLASSES,2013,172.6,FIELD CROPS
ALL PRODUCTION PRACTICES,101,,,00,9000,NOT SPECIFIED,YIELD,"CALIFORNIA, SACRAMENTO VALLEY, SUTTER",,SURVEY,,06,TOTAL,GRAIN,2012,220.7,FIELD CROPS,UNITED STATES,ALL CLASSES,COUNTY,SUTTER,101,CA,SACRAMENTO VALLEY,,ANNUAL,BU / ACRE,06,00000000,"CORN, GRAIN - YIELD, MEASURED IN BU / ACRE",CROPS,50,YEAR,00,CALIFORNIA,2015-06-03 15:08:31.000,CORN,
TOTAL,GRAIN,229.1,2011,FIELD CROPS,UNITED STATES,ALL CLASSES,ALL PRODUCTION PRACTICES,,101,,9000,00,NOT SPECIFIED,,"CALIFORNIA, SACRAMENTO VALLEY, SUTTER",YIELD,,06,SURVEY,ANNUAL,00000000,BU / ACRE,06,50,CROPS,00,YEAR,"CORN, GRAIN - YIELD, MEASURED IN BU / ACRE",2015-06-03 15:08:31.000,CALIFORNIA,,CORN,COUNTY,CA,101,SUTTER,SACRAMENTO VALLEY,
GRAIN,TOTAL,UNITED STATES,ALL CLASSES,200,2010,FIELD CROPS,,ALL PRODUCTION PRACTICES,,101,,YIELD,"CALIFORNIA, SACRAMENTO VALLEY, SUTTER",,06,SURVEY,9000,00,NOT SPECIFIED,00000000,06,BU / ACRE,00,50,YEAR,CROPS,"CORN, GRAIN - YIELD, MEASURED IN BU / ACRE",ANNUAL,2015-06-03 15:08:31.000,CALIFORNIA,,CORN,101,CA,SUTTER,COUNTY,,SACRAMENTO VALLEY
SACRAMENTO VALLEY,,COUNTY,CA,103,TEHAMA,,CORN,CALIFORNIA,2015-06-03 15:08:31.000,ANNUAL,00,50,CROPS,YEAR,"CORN, GRAIN - YIELD, MEASURED IN BU / ACRE",00000000,BU / ACRE,06,NOT SPECIFIED,9000,00,,06,SURVEY,,YIELD,"CALIFORNIA, SACRAMENTO VALLEY, TEHAMA",,103,ALL PRODUCTION PRACTICES,,FIELD CROPS,223.3,2010,ALL CLASSES,UNITED STATES,TOTAL,GRAIN
,ALL PRODUCTION PRACTICES,113,,YIELD,"CALIFORNIA, SACRAMENTO VALLEY, YOLO",,SURVEY,06,,00,9000,NOT SPECIFIED,GRAIN,TOTAL,UNITED STATES,ALL CLASSES,2019,194.8,FIELD CROPS,YOLO,CA,113,COUNTY,,SACRAMENTO VALLEY,06,BU / ACRE,00000000,"CORN, GRAIN - YIELD, MEASURED IN BU / ACRE",YEAR,50,CROPS,00,ANNUAL,2021-02-25 15:10:17.000,CALIFORNIA,CORN,
UNITED STATES,ALL CLASSES,2018,196.7,FIELD CROPS,GRAIN,TOTAL,"CALIFORNIA, SACRAMENTO VALLEY, YOLO",YIELD,,SURVEY,,06,00,9000,NOT SPECIFIED,,ALL PRODUCTION PRACTICES,113,,2019-03-21 15:00:18.000,CALIFORNIA,CORN,,06,BU / ACRE,00000000,"CORN, GRAIN - YIELD, MEASURED IN BU / ACRE",50,CROPS,00,YEAR,ANNUAL,,SACRAMENTO VALLEY,YOLO,CA,113,COUNTY
2017-02-23 15:00:08.000,CALIFORNIA,,CORN,00000000,BU / ACRE,06,50,CROPS,00,YEAR,"CORN, GRAIN - YIELD, MEASURED IN BU / ACRE",ANNUAL,,SACRAMENTO VALLEY,113,CA,YOLO,COUNTY,UNITED STATES,ALL CLASSES,210,2016,FIELD CROPS,GRAIN,TOTAL,,"CALIFORNIA, SACRAMENTO VALLEY, YOLO",YIELD,06,,SURVEY,9000,00,NOT SPECIFIED,,ALL PRODUCTION PRACTICES,,113
SURVEY,06,,YIELD,"CALIFORNIA, SACRAMENTO VALLEY, YOLO",,NOT SPECIFIED,00,9000,,113,,ALL PRODUCTION PRACTICES,ALL CLASSES,UNITED STATES,FIELD CROPS,2015,140.7,GRAIN,TOTAL,,SACRAMENTO VALLEY,YOLO,CA,113,COUNTY,CORN,,2017-02-23 15:00:08.000,CALIFORNIA,"CORN, GRAIN - YIELD, MEASURED IN BU / ACRE",00,50,YEAR,CROPS,BU / ACRE,06,00000000,ANNUAL
113,,ALL PRODUCTION PRACTICES,,NOT SPECIFIED,00,9000,SURVEY,,06,"CALIFORNIA, SACRAMENTO VALLEY, YOLO",YIELD,,TOTAL,GRAIN,FIELD CROPS,2013,205.5,ALL CLASSES,UNITED STATES,COUNTY,YOLO,113,CA,SACRAMENTO VALLEY,,ANNUAL,"CORN, GRAIN - YIELD, MEASURED IN BU / ACRE",CROPS,50,00,YEAR,BU / ACRE,06,00000000,CORN,,2015-02-19 15:38:52.000,CALIFORNIA
06,,SURVEY,,YIELD,"CALIFORNIA, SACRAMENTO VALLEY, YOLO",NOT SPECIFIED,9000,00,,,113,ALL PRODUCTION PRACTICES,ALL CLASSES,UNITED STATES,FIELD CROPS,161.6,2012,GRAIN,TOTAL,,SACRAMENTO VALLEY,113,CA,YOLO,COUNTY,,CORN,CALIFORNIA,2015-06-03 15:08:31.000,50,CROPS,YEAR,00,"CORN, GRAIN - YIELD, MEASURED IN BU / ACRE",00000000,BU / ACRE,06,ANNUAL
YOLO,CA,113,COUNTY,,SACRAMENTO VALLEY,BU / ACRE,06,00000000,"CORN, GRAIN - YIELD, MEASURED IN BU / ACRE",CROPS,50,00,YEAR,ANNUAL,2015-06-03 15:08:31.000,CALIFORNIA,CORN,,,ALL PRODUCTION PRACTICES,113,,YIELD,"CALIFORNIA, SACRAMENTO VALLEY, YOLO",,SURVEY,,06,00,9000,NOT SPECIFIED,GRAIN,TOTAL,UNITED STATES,ALL CLASSES,2011,169.4,FIELD CROPS
COUNTY,YOLO,113,CA,SACRAMENTO VALLEY,,ANNUAL,06,BU / ACRE,00000000,"CORN, GRAIN - YIELD, MEASURED IN BU / ACRE",00,50,CROPS,YEAR,CALIFORNIA,2015-06-03 15:08:31.000,CORN,,ALL PRODUCTION PRACTICES,113,,,00,9000,NOT SPECIFIED,"CALIFORNIA, SACRAMENTO VALLEY, YOLO",YIELD,,SURVEY,,06,TOTAL,GRAIN,2010,203.4,FIELD CROPS,UNITED STATES,ALL CLASSES
,CA,OTHER (COMBINED) COUNTIES,COUNTY,,SAN JOAQUIN VALLEY,CROPS,51,00,YEAR,"CORN, GRAIN - YIELD, MEASURED IN BU / ACRE",00000000,06,BU / ACRE,ANNUAL,,CORN,CALIFORNIA,2021-02-25 15:10:17.000,,,998,ALL PRODUCTION PRACTICES,,06,SURVEY,,"CALIFORNIA, SAN JOAQUIN VALLEY, OTHER (COMBINED) COUNTIES",YIELD,NOT SPECIFIED,9000,00,GRAIN,TOTAL,ALL CLASSES,UNITED STATES,FIELD CROPS,183.3,2019
OTHER (COMBINED) COUNTIES,,CA,COUNTY,,SAN JOAQUIN VALLEY,"CORN, GRAIN - YIELD, MEASURED IN BU / ACRE",CROPS,00,51,YEAR,BU / ACRE,06,00000000,ANNUAL,CORN,,2019-03-21 15:00:18.000,CALIFORNIA,,998,,ALL PRODUCTION PRACTICES,SURVEY,06,,"CALIFORNIA, SAN JOAQUIN VALLEY, OTHER (COMBINED) COUNTIES",YIELD,,NOT SPECIFIED,00,9000,GRAIN,TOTAL,ALL CLASSES,UNITED STATES,FIELD CROPS,2018,194.1
,SAN JOAQUIN VALLEY,CA,,OTHER (COMBINED) COUNTIES,COUNTY,CALIFORNIA,2018-02-22 15:08:35.000,,CORN,00000000,06,BU / ACRE,YEAR,CROPS,51,00,"CORN, GRAIN - YIELD, MEASURED IN BU / ACRE",ANNUAL,,YIELD,"CALIFORNIA, SAN JOAQUIN VALLEY, OTHER (COMBINED) COUNTIES",06,,SURVEY,9000,00,NOT SPECIFIED,,ALL PRODUCTION PRACTICES,,998,UNITED STATES,ALL CLASSES,176.1,2017,FIELD CROPS,GRAIN,TOTAL
TOTAL,GRAIN,168.4,2016,FIELD CROPS,UNITED STATES,ALL CLASSES,ALL PRODUCTION PRACTICES,,998,,9000,00,NOT SPECIFIED,,"CALIFORNIA, SAN JOAQUIN VALLEY, OTHER (COMBINED) COUNTIES",YIELD,,06,SURVEY,ANNUAL,00000000,BU / ACRE,06,00,CROPS,51,YEAR,"CORN, GRAIN - YIELD, MEASURED IN BU / ACRE",CALIFORNIA,2017-02-23 15:00:08.000,,CORN,COUNTY,,CA,OTHER (COMBINED) COUNTIES,SAN JOAQUIN VALLEY,
GRAIN,TOTAL,ALL CLASSES,UNITED STATES,FIELD CROPS,181,2015,,,998,ALL PRODUCTION PRACTICES,06,,SURVEY,,YIELD,"CALIFORNIA, SAN JOAQUIN VALLEY, OTHER (COMBINED) COUNTIES",NOT SPECIFIED,9000,00,CROPS,51,00,YEAR,"CORN, GRAIN - YIELD, MEASURED IN BU / ACRE",00000000,06,BU / ACRE,ANNUAL,,CORN,CALIFORNIA,2017-02-23 15:00:08.000,,CA,OTHER (COMBINED) COUNTIES,COUNTY,,SAN JOAQUIN VALLEY
,CORN,2015-02-19 15:38:52.000,CALIFORNIA,51,CROPS,00,YEAR,"CORN, GRAIN - YIELD, MEASURED IN BU / ACRE",00000000,06,BU / ACRE,ANNUAL,,SAN JOAQUIN VALLEY,CA,,OTHER (COMBINED) COUNTIES,COUNTY,ALL CLASSES,UNITED STATES,FIELD CROPS,159,2014,GRAIN,TOTAL,06,,SURVEY,,YIELD,"CALIFORNIA, SAN JOAQUIN VALLEY, OTHER (COMBINED) COUNTIES",NOT SPECIFIED,9000,00,,,998,ALL PRODUCTION PRACTICES
FIELD CROPS,174.6,2013,ALL CLASSES,UNITED STATES,TOTAL,GRAIN,NOT SPECIFIED,9000,00,,06,SURVEY,,YIELD,"CALIFORNIA, SAN JOAQUIN VALLEY, OTHER (COMBINED) COUNTIES",,998,ALL PRODUCTION PRACTICES,,,CORN,CALIFORNIA,2015-02-19 15:38:52.000,ANNUAL,00,51,CROPS,YEAR,"CORN, GRAIN - YIELD, MEASURED IN BU / ACRE",00000000,06,BU / ACRE,SAN JOAQUIN VALLEY,,COUNTY,,CA,OTHER (COMBINED) COUNTIES
9000,00,NOT SPECIFIED,,"CALIFORNIA, SAN JOAQUIN VALLEY, OTHER (COMBINED) COUNTIES",YIELD,,06,SURVEY,ALL PRODUCTION PRACTICES,,998,,229.6,2012,FIELD CROPS,UNITED STATES,ALL CLASSES,TOTAL,GRAIN,SAN JOAQUIN VALLEY,,COUNTY,CA,,OTHER (COMBINED) COUNTIES,2015-06-03 15:08:31.000,CALIFORNIA,,CORN,ANNUAL,00000000,06,BU / ACRE,YEAR,CROPS,00,51,"CORN, GRAIN - YIELD, MEASURED IN BU / ACRE"
TOTAL,GRAIN,FIELD CROPS,170.8,2011,ALL CLASSES,UNITED STATES,,998,ALL PRODUCTION PRACTICES,,NOT SPECIFIED,9000,00,,06,SURVEY,,YIELD,"CALIFORNIA, SAN JOAQUIN VALLEY, OTHER (COMBINED) COUNTIES",ANNUAL,00,51,CROPS,YEAR,"CORN, GRAIN - YIELD, MEASURED IN BU / ACRE",00000000,06,BU / ACRE,,CORN,2015-06-03 15:08:31.000,CALIFORNIA,COUNTY,CA,,OTHER (COMBINED) COUNTIES,SAN JOAQUIN VALLEY,
,SAN JOAQUIN VALLEY,CA,,OTHER (COMBINED) COUNTIES,COUNTY,2015-06-03 15:08:31.000,CALIFORNIA,,CORN,00000000,BU / ACRE,06,51,CROPS,00,YEAR,"CORN, GRAIN - YIELD, MEASURED IN BU / ACRE",ANNUAL,,"CALIFORNIA, SAN JOAQUIN VALLEY, OTHER (COMBINED) COUNTIES",YIELD,,06,SURVEY,9000,00,NOT SPECIFIED,,ALL PRODUCTION PRACTICES,,998,UNITED STATES,ALL CLASSES,189.1,2010,FIELD CROPS,GRAIN,TOTAL
GRAIN,TOTAL,ALL CLASSES,UNITED STATES,FIELD CROPS,2016,166,,019,,ALL PRODUCTION PRACTICES,SURVEY,,06,"CALIFORNIA, SAN JOAQUIN VALLEY, FRESNO",YIELD,,NOT SPECIFIED,00,9000,"CORN, GRAIN - YIELD, MEASURED IN BU / ACRE",CROPS,51,YEAR,00,06,BU / ACRE,00000000,ANNUAL,CORN,,2017-02-23 15:00:08.000,CALIFORNIA,FRESNO,019,CA,COUNTY,,SAN JOAQUIN VALLEY
019,CA,FRESNO,COUNTY,,SAN JOAQUIN VALLEY,00000000,06,BU / ACRE,CROPS,51,YEAR,00,"CORN, GRAIN - YIELD, MEASURED IN BU / ACRE",ANNUAL,2015-06-03 15:08:31.000,CALIFORNIA,,CORN,,ALL PRODUCTION PRACTICES,,019,,YIELD,"CALIFORNIA, SAN JOAQUIN VALLEY, FRESNO",06,,SURVEY,9000,00,NOT SPECIFIED,GRAIN,TOTAL,UNITED STATES,ALL CLASSES,137.5,2011,FIELD CROPS
GRAIN,TOTAL,ALL CLASSES,UNITED STATES,FIELD CROPS,2021,161,17.10,029,,ALL PRODUCTION PRACTICES,SURVEY,,06,YIELD,"CALIFORNIA, SAN JOAQUIN VALLEY, KERN",,NOT SPECIFIED,00,9000,"CORN, GRAIN - YIELD, MEASURED IN BU / ACRE",00,51,YEAR,CROPS,06,BU / ACRE,00000000,ANNUAL,CORN,,CALIFORNIA,2023-02-24 15:00:00.000,KERN,029,CA,COUNTY,,SAN JOAQUIN VALLEY
COUNTY,KERN,029,CA,SAN JOAQUIN VALLEY,,ANNUAL,06,BU / ACRE,00000000,"CORN, GRAIN - YIELD, MEASURED IN BU / ACRE",51,00,CROPS,YEAR,2017-02-23 15:00:08.000,CALIFORNIA,CORN,,ALL PRODUCTION PRACTICES,029,,,00,9000,NOT SPECIFIED,"CALIFORNIA, SAN JOAQUIN VALLEY, KERN",YIELD,,SURVEY,06,,TOTAL,GRAIN,2016,156.8,FIELD CROPS,UNITED STATES,ALL CLASSES
,SAN JOAQUIN VALLEY,KERN,029,CA,COUNTY,CALIFORNIA,2017-02-23 15:00:08.000,CORN,,06,BU / ACRE,00000000,"CORN, GRAIN - YIELD, MEASURED IN BU / ACRE",CROPS,51,00,YEAR,ANNUAL,YIELD,"CALIFORNIA, SAN JOAQUIN VALLEY, KERN",,SURVEY,,06,00,9000,NOT SPECIFIED,,ALL PRODUCTION PRACTICES,029,,UNITED STATES,ALL CLASSES,2015,122.2,FIELD CROPS,GRAIN,TOTAL
SAN JOAQUIN VALLEY,,COUNTY,KERN,029,CA,CORN,,CALIFORNIA,2015-06-03 15:08:31.000,ANNUAL,"CORN, GRAIN - YIELD, MEASURED IN BU / ACRE",00,CROPS,51,YEAR,06,BU / ACRE,00000000,NOT SPECIFIED,00,9000,SURVEY,06,,"CALIFORNIA, SAN JOAQUIN VALLEY, KERN",YIELD,,029,,ALL PRODUCTION PRACTICES,,FIELD CROPS,2012,99,ALL CLASSES,UNITED STATES,TOTAL,GRAIN
KINGS,CA,031,COUNTY,,SAN JOAQUIN VALLEY,BU / ACRE,06,00000000,"CORN, GRAIN - YIELD, MEASURED IN BU / ACRE",YEAR,51,00,CROPS,ANNUAL,2015-02-19 15:38:52.000,CALIFORNIA,CORN,,,ALL PRODUCTION PRACTICES,031,,YIELD,"CALIFORNIA, SAN JOAQUIN VALLEY, KINGS",,SURVEY,06,,00,9000,NOT SPECIFIED,GRAIN,TOTAL,UNITED STATES,ALL CLASSES,2013,217.5,FIELD CROPS
ALL PRODUCTION PRACTICES,031,,,00,9000,NOT SPECIFIED,"CALIFORNIA, SAN JOAQUIN VALLEY, KINGS",YIELD,,SURVEY,06,,TOTAL,GRAIN,2012,156.6,FIELD CROPS,UNITED STATES,ALL CLASSES,COUNTY,KINGS,CA,031,SAN JOAQUIN VALLEY,,ANNUAL,06,BU / ACRE,00000000,"CORN, GRAIN - YIELD, MEASURED IN BU / ACRE",CROPS,51,00,YEAR,2015-06-03 15:08:31.000,CALIFORNIA,CORN,
031,CA,KINGS,COUNTY,,SAN JOAQUIN VALLEY,51,CROPS,YEAR,00,"CORN, GRAIN - YIELD, MEASURED IN BU / ACRE",00000000,BU / ACRE,06,ANNUAL,,CORN,CALIFORNIA,2015-06-03 15:08:31.000,,,031,ALL PRODUCTION PRACTICES,06,,SURVEY,,"CALIFORNIA, SAN JOAQUIN VALLEY, KINGS",YIELD,NOT SPECIFIED,9000,00,GRAIN,TOTAL,ALL CLASSES,UNITED STATES,FIELD CROPS,227.8,2011
TOTAL,GRAIN,FIELD CROPS,113.3,2016,ALL CLASSES,UNITED STATES,,047,ALL PRODUCTION PRACTICES,,NOT SPECIFIED,9000,00,,06,SURVEY,,YIELD,"CALIFORNIA, SAN JOAQUIN VALLEY, MERCED",ANNUAL,CROPS,00,51,YEAR,"CORN, GRAIN - YIELD, MEASURED IN BU / ACRE",00000000,BU / ACRE,06,,CORN,CALIFORNIA,2017-02-23 15:00:08.000,COUNTY,CA,047,MERCED,SAN JOAQUIN VALLEY,
00,9000,NOT SPECIFIED,"CALIFORNIA, SAN JOAQUIN VALLEY, MERCED",YIELD,,SURVEY,06,,ALL PRODUCTION PRACTICES,047,,,2015,146.4,FIELD CROPS,UNITED STATES,ALL CLASSES,TOTAL,GRAIN,SAN JOAQUIN VALLEY,,COUNTY,MERCED,047,CA,CALIFORNIA,2017-02-23 15:00:08.000,CORN,,ANNUAL,06,BU / ACRE,00000000,"CORN, GRAIN - YIELD, MEASURED IN BU / ACRE",CROPS,51,00,YEAR
ALL PRODUCTION PRACTICES,047,,,00,9000,NOT SPECIFIED,YIELD,"CALIFORNIA, SAN JOAQUIN VALLEY, MERCED",,SURVEY,06,,TOTAL,GRAIN,2013,193.1,FIELD CROPS,UNITED STATES,ALL CLASSES,COUNTY,MERCED,047,CA,SAN JOAQUIN VALLEY,,ANNUAL,BU / ACRE,06,00000000,"CORN, GRAIN - YIELD, MEASURED IN BU / ACRE",51,00,YEAR,CROPS,2015-02-19 15:38:52.000,CALIFORNIA,CORN,
,CORN,CALIFORNIA,2015-06-03 15:08:31.000,ANNUAL,51,00,YEAR,CROPS,"CORN, GRAIN - YIELD, MEASURED IN BU / ACRE",00000000,06,BU / ACRE,SAN JOAQUIN VALLEY,,COUNTY,047,CA,MERCED,FIELD CROPS,195.7,2012,ALL CLASSES,UNITED STATES,TOTAL,GRAIN,NOT SPECIFIED,9000,00,06,,SURVEY,,"CALIFORNIA, SAN JOAQUIN VALLEY, MERCED",YIELD,,047,ALL PRODUCTION PRACTICES,
ALL PRODUCTION PRACTICES,,047,,9000,00,NOT SPECIFIED,,"CALIFORNIA, SAN JOAQUIN VALLEY, MERCED",YIELD,,06,SURVEY,TOTAL,GRAIN,188.9,2011,FIELD CROPS,UNITED STATES,ALL CLASSES,COUNTY,CA,047,MERCED,SAN JOAQUIN VALLEY,,ANNUAL,00000000,06,BU / ACRE,YEAR,CROPS,51,00,"CORN, GRAIN - YIELD, MEASURED IN BU / ACRE",2015-06-03 15:08:31.000,CALIFORNIA,,CORN
,CORN,CALIFORNIA,2023-02-24 15:00:00.000,ANNUAL,00,CROPS,YEAR,51,"CORN, GRAIN - YIELD, MEASURED IN BU / ACRE",00000000,06,BU / ACRE,SAN JOAQUIN VALLEY,,COUNTY,CA,077,SAN JOAQUIN,FIELD CROPS,220.5,2021,ALL CLASSES,UNITED STATES,TOTAL,GRAIN,NOT SPECIFIED,9000,00,06,,SURVEY,,"CALIFORNIA, SAN JOAQUIN VALLEY, SAN JOAQUIN",YIELD,,077,ALL PRODUCTION PRACTICES,03.60
CORN,,CALIFORNIA,2019-03-21 15:00:18.000,ANNUAL,"CORN, GRAIN - YIELD, MEASURED IN BU / ACRE",51,CROPS,00,YEAR,BU / ACRE,06,00000000,SAN JOAQUIN VALLEY,,COUNTY,SAN JOAQUIN,077,CA,FIELD CROPS,2018,138.9,ALL CLASSES,UNITED STATES,TOTAL,GRAIN,NOT SPECIFIED,00,9000,SURVEY,06,,"CALIFORNIA, SAN JOAQUIN VALLEY, SAN JOAQUIN",YIELD,,077,,ALL PRODUCTION PRACTICES,
ALL CLASSES,UNITED STATES,FIELD CROPS,170.3,2017,GRAIN,TOTAL,,06,SURVEY,,"CALIFORNIA, SAN JOAQUIN VALLEY, SAN JOAQUIN",YIELD,NOT SPECIFIED,9000,00,,,077,ALL PRODUCTION PRACTICES,,CORN,2018-02-22 15:08:35.000,CALIFORNIA,YEAR,CROPS,51,00,"CORN, GRAIN - YIELD, MEASURED IN BU / ACRE",00000000,06,BU / ACRE,ANNUAL,,SAN JOAQUIN VALLEY,077,CA,SAN JOAQUIN,COUNTY
SAN JOAQUIN,077,CA,COUNTY,,SAN JOAQUIN VALLEY,06,BU / ACRE,00000000,"CORN, GRAIN - YIELD, MEASURED IN BU / ACRE",00,CROPS,51,YEAR,ANNUAL,2017-02-23 15:00:08.000,CALIFORNIA,CORN,,,ALL PRODUCTION PRACTICES,077,,YIELD,"CALIFORNIA, SAN JOAQUIN VALLEY, SAN JOAQUIN",,SURVEY,,06,00,9000,NOT SPECIFIED,GRAIN,TOTAL,UNITED STATES,ALL CLASSES,2016,181.2,FIELD CROPS
2015,157.7,FIELD CROPS,UNITED STATES,ALL CLASSES,TOTAL,GRAIN,00,9000,NOT SPECIFIED,"CALIFORNIA, SAN JOAQUIN VALLEY, SAN JOAQUIN",YIELD,,SURVEY,06,,ALL PRODUCTION PRACTICES,077,,,CALIFORNIA,2017-02-23 15:00:08.000,CORN,,ANNUAL,06,BU / ACRE,00000000,"CORN, GRAIN - YIELD, MEASURED IN BU / ACRE",00,51,YEAR,CROPS,SAN JOAQUIN VALLEY,,COUNTY,SAN JOAQUIN,077,CA
FIELD CROPS,2013,183.1,ALL CLASSES,UNITED STATES,TOTAL,GRAIN,NOT SPECIFIED,00,9000,SURVEY,,06,"CALIFORNIA, SAN JOAQUIN VALLEY, SAN JOAQUIN",YIELD,,077,,ALL PRODUCTION PRACTICES,,CORN,,2015-02-19 15:38:52.000,CALIFORNIA,ANNUAL,"CORN, GRAIN - YIELD, MEASURED IN BU / ACRE",51,00,CROPS,YEAR,BU / ACRE,06,00000000,SAN JOAQUIN VALLEY,,COUNTY,SAN JOAQUIN,077,CA
,SAN JOAQUIN VALLEY,077,CA,SAN JOAQUIN,COUNTY,,CORN,CALIFORNIA,2015-06-03 15:08:31.000,CROPS,00,YEAR,51,"CORN, GRAIN - YIELD, MEASURED IN BU / ACRE",00000000,BU / ACRE,06,ANNUAL,,06,SURVEY,,"CALIFORNIA, SAN JOAQUIN VALLEY, SAN JOAQUIN",YIELD,NOT SPECIFIED,9000,00,,,077,ALL PRODUCTION PRACTICES,ALL CLASSES,UNITED STATES,FIELD CROPS,169.4,2012,GRAIN,TOTAL
CALIFORNIA,2015-06-03 15:08:31.000,CORN,,ANNUAL,BU / ACRE,06,00000000,"CORN, GRAIN - YIELD, MEASURED IN BU / ACRE",00,51,CROPS,YEAR,SAN JOAQUIN VALLEY,,COUNTY,SAN JOAQUIN,077,CA,2011,178.1,FIELD CROPS,UNITED STATES,ALL CLASSES,TOTAL,GRAIN,00,9000,NOT SPECIFIED,YIELD,"CALIFORNIA, SAN JOAQUIN VALLEY, SAN JOAQUIN",,SURVEY,,06,ALL PRODUCTION PRACTICES,077,,
COUNTY,SAN JOAQUIN,CA,077,SAN JOAQUIN VALLEY,,ANNUAL,06,BU / ACRE,00000000,"CORN, GRAIN - YIELD, MEASURED IN BU / ACRE",51,CROPS,00,YEAR,2015-06-03 15:08:31.000,CALIFORNIA,CORN,,ALL PRODUCTION PRACTICES,077,,,00,9000,NOT SPECIFIED,"CALIFORNIA, SAN JOAQUIN VALLEY, SAN JOAQUIN",YIELD,,SURVEY,06,,TOTAL,GRAIN,2010,190.4,FIELD CROPS,UNITED STATES,ALL CLASSES
,099,,ALL PRODUCTION PRACTICES,SURVEY,,06,"CALIFORNIA, SAN JOAQUIN VALLEY, STANISLAUS",YIELD,,NOT SPECIFIED,00,9000,GRAIN,TOTAL,ALL CLASSES,UNITED STATES,FIELD CROPS,2018,150,STANISLAUS,099,CA,COUNTY,,SAN JOAQUIN VALLEY,"CORN, GRAIN - YIELD, MEASURED IN BU / ACRE",CROPS,00,YEAR,51,BU / ACRE,06,00000000,ANNUAL,CORN,,2019-03-21 15:00:18.000,CALIFORNIA
ANNUAL,00,CROPS,51,YEAR,"CORN, GRAIN - YIELD, MEASURED IN BU / ACRE",00000000,06,BU / ACRE,,CORN,2015-02-19 15:38:52.000,CALIFORNIA,COUNTY,CA,099,STANISLAUS,SAN JOAQUIN VALLEY,,TOTAL,GRAIN,FIELD CROPS,125,2014,ALL CLASSES,UNITED STATES,,099,ALL PRODUCTION PRACTICES,,NOT SPECIFIED,9000,00,06,,SURVEY,,"CALIFORNIA, SAN JOAQUIN VALLEY, STANISLAUS",YIELD
CA,099,STANISLAUS,COUNTY,,SAN JOAQUIN VALLEY,00000000,BU / ACRE,06,CROPS,51,00,YEAR,"CORN, GRAIN - YIELD, MEASURED IN BU / ACRE",ANNUAL,CALIFORNIA,2015-06-03 15:08:31.000,,CORN,,ALL PRODUCTION PRACTICES,,099,,"CALIFORNIA, SAN JOAQUIN VALLEY, STANISLAUS",YIELD,,06,SURVEY,9000,00,NOT SPECIFIED,GRAIN,TOTAL,UNITED STATES,ALL CLASSES,131.3,2012,FIELD CROPS
,CORN,2015-06-03 15:08:31.000,CALIFORNIA,ANNUAL,00,51,YEAR,CROPS,"CORN, GRAIN - YIELD, MEASURED IN BU / ACRE",00000000,BU / ACRE,06,SAN JOAQUIN VALLEY,,COUNTY,CA,099,STANISLAUS,FIELD CROPS,126.5,2011,ALL CLASSES,UNITED STATES,TOTAL,GRAIN,NOT SPECIFIED,9000,00,06,,SURVEY,,"CALIFORNIA, SAN JOAQUIN VALLEY, STANISLAUS",YIELD,,099,ALL PRODUCTION PRACTICES,
TOTAL,GRAIN,FIELD CROPS,2013,228.2,ALL CLASSES,UNITED STATES,107,,ALL PRODUCTION PRACTICES,,NOT SPECIFIED,00,9000,SURVEY,,06,"CALIFORNIA, SAN JOAQUIN VALLEY, TULARE",YIELD,,ANNUAL,"CORN, GRAIN - YIELD, MEASURED IN BU / ACRE",CROPS,51,YEAR,00,06,BU / ACRE,00000000,CORN,,CALIFORNIA,2015-02-19 15:38:52.000,COUNTY,TULARE,CA,107,SAN JOAQUIN VALLEY,
,,107,ALL PRODUCTION PRACTICES,06,,SURVEY,,YIELD,"CALIFORNIA, SAN JOAQUIN VALLEY, TULARE",NOT SPECIFIED,9000,00,GRAIN,TOTAL,ALL CLASSES,UNITED STATES,FIELD CROPS,232.3,2012,107,CA,TULARE,COUNTY,,SAN JOAQUIN VALLEY,00,51,CROPS,YEAR,"CORN, GRAIN - YIELD, MEASURED IN BU / ACRE",00000000,BU / ACRE,06,ANNUAL,,CORN,2015-06-03 15:08:31.000,CALIFORNIA
06,BU / ACRE,00000000,"CORN, GRAIN - YIELD, MEASURED IN BU / ACRE",00,51,CROPS,YEAR,ANNUAL,CALIFORNIA,2015-06-03 15:08:31.000,CORN,,TULARE,107,CA,COUNTY,,SAN JOAQUIN VALLEY,GRAIN,TOTAL,UNITED STATES,ALL CLASSES,2011,224.4,FIELD CROPS,,ALL PRODUCTION PRACTICES,107,,"CALIFORNIA, SAN JOAQUIN VALLEY, TULARE",YIELD,,SURVEY,06,,00,9000,NOT SPECIFIED
FIELD CROPS,2012,191.7,ALL CLASSES,UNITED STATES,TOTAL,GRAIN,NOT SPECIFIED,00,9000,SURVEY,,06,YIELD,"CALIFORNIA, SIERRA MOUNTAINS, OTHER (COMBINED) COUNTIES",,998,,ALL PRODUCTION PRACTICES,,CORN,,2015-06-03 15:08:31.000,CALIFORNIA,ANNUAL,"CORN, GRAIN - YIELD, MEASURED IN BU / ACRE",YEAR,60,CROPS,00,06,BU / ACRE,00000000,SIERRA MOUNTAINS,,COUNTY,OTHER (COMBINED) COUNTIES,CA,
06,,SURVEY,,"CALIFORNIA, SOUTHERN CALIFORNIA, OTHER (COMBINED) COUNTIES",YIELD,NOT SPECIFIED,9000,00,,,998,ALL PRODUCTION PRACTICES,ALL CLASSES,UNITED STATES,FIELD CROPS,96.7,2011,GRAIN,TOTAL,,SOUTHERN CALIFORNIA,CA,,OTHER (COMBINED) COUNTIES,COUNTY,,CORN,CALIFORNIA,2015-06-03 15:08:31.000,80,00,CROPS,YEAR,"CORN, GRAIN - YIELD, MEASURED IN BU / ACRE",00000000,BU / ACRE,06,ANNUAL
YEAR,80,00,CROPS,"CORN, GRAIN - YIELD, MEASURED IN BU / ACRE",00000000,06,BU / ACRE,ANNUAL,,CORN,CALIFORNIA,2023-02-24 15:00:00.000,CA,025,IMPERIAL,COUNTY,,SOUTHERN CALIFORNIA,GRAIN,TOTAL,ALL CLASSES,UNITED STATES,FIELD CROPS,132.8,2022,08.50,,025,ALL PRODUCTION PRACTICES,,06,SURVEY,,"CALIFORNIA, SOUTHERN CALIFORNIA, IMPERIAL",YIELD,NOT SPECIFIED,9000,00
COUNTY,OTHER COUNTIES,,CA,,,ANNUAL,"CORN, GRAIN - YIELD, MEASURED IN BU / ACRE",99,YEAR,CROPS,00,06,BU / ACRE,00000000,CORN,,2023-02-24 15:00:00.000,CALIFORNIA,998,,ALL PRODUCTION PRACTICES,01.10,NOT SPECIFIED,00,9000,SURVEY,,06,YIELD,"CALIFORNIA, OTHER COUNTIES",,TOTAL,GRAIN,FIELD CROPS,2022,179,ALL CLASSES,UNITED STATES
NOT SPECIFIED,9000,00,,06,SURVEY,,YIELD,"CALIFORNIA, OTHER COUNTIES",,998,ALL PRODUCTION PRACTICES,02.50,FIELD CROPS,162.1,2021,ALL CLASSES,UNITED STATES,TOTAL,GRAIN,,,COUNTY,CA,,OTHER COUNTIES,,CORN,CALIFORNIA,2023-02-24 15:00:00.000,ANNUAL,CROPS,99,00,YEAR,"CORN, GRAIN - YIELD, MEASURED IN BU / ACRE",00000000,06,BU / ACRE
TOTAL,GRAIN,187,2020,FIELD CROPS,UNITED STATES,ALL CLASSES,ALL PRODUCTION PRACTICES,,998,,9000,00,NOT SPECIFIED,,"CALIFORNIA, OTHER COUNTIES",YIELD,06,,SURVEY,ANNUAL,00000000,BU / ACRE,06,00,CROPS,YEAR,99,"CORN, GRAIN - YIELD, MEASURED IN BU / ACRE",CALIFORNIA,2022-02-24 15:00:14.000,,CORN,COUNTY,,CA,OTHER COUNTIES,,
NORTHERN COAST,,COUNTY,CA,023,HUMBOLDT,,CORN,CALIFORNIA,2023-02-24 15:00:00.000,ANNUAL,CROPS,YEAR,10,00,"CORN, SILAGE - YIELD, MEASURED IN TONS / ACRE",00000000,06,TONS / ACRE,NOT SPECIFIED,9000,00,06,,SURVEY,,YIELD,"CALIFORNIA, NORTHERN COAST, HUMBOLDT",,023,ALL PRODUCTION PRACTICES,10.80,FIELD CROPS,23.5,2022,ALL CLASSES,UNITED STATES,TOTAL,SILAGE
10.2,023,,ALL PRODUCTION PRACTICES,SURVEY,,06,"CALIFORNIA, NORTHERN COAST, HUMBOLDT",YIELD,,NOT SPECIFIED,00,9000,SILAGE,TOTAL,ALL CLASSES,UNITED STATES,FIELD CROPS,2020,19,HUMBOLDT,023,CA,COUNTY,,NORTHERN COAST,"CORN, SILAGE - YIELD, MEASURED IN TONS / ACRE",YEAR,CROPS,00,10,06,TONS / ACRE,00000000,ANNUAL,CORN,,CALIFORNIA,2022-02-24 15:00:14.000
ALL CLASSES,UNITED STATES,FIELD CROPS,2011,23.5,SILAGE,TOTAL,SURVEY,,06,"CALIFORNIA, NORTHERN COAST, HUMBOLDT",YIELD,,NOT SPECIFIED,00,9000,,023,,ALL PRODUCTION PRACTICES,CORN,,2015-06-03 15:08:31.000,CALIFORNIA,"CORN, SILAGE - YIELD, MEASURED IN TONS / ACRE",YEAR,CROPS,10,00,TONS / ACRE,06,00000000,ANNUAL,,NORTHERN COAST,HUMBOLDT,023,CA,COUNTY
CENTRAL COAST,,COUNTY,,CA,OTHER (COMBINED) COUNTIES,,CORN,CALIFORNIA,2017-02-23 15:00:08.000,ANNUAL,40,00,CROPS,YEAR,"CORN, SILAGE - YIELD, MEASURED IN TONS / ACRE",00000000,06,TONS / ACRE,NOT SPECIFIED,9000,00,,06,SURVEY,,"CALIFORNIA, CENTRAL COAST, OTHER (COMBINED) COUNTIES",YIELD,,998,ALL PRODUCTION PRACTICES,,FIELD CROPS,15.5,2016,ALL CLASSES,UNITED STATES,TOTAL,SILAGE
00,9000,NOT SPECIFIED,YIELD,"CALIFORNIA, CENTRAL COAST, OTHER (COMBINED) COUNTIES",,SURVEY,06,,ALL PRODUCTION PRACTICES,998,,,2012,26.5,FIELD CROPS,UNITED STATES,ALL CLASSES,TOTAL,SILAGE,CENTRAL COAST,,COUNTY,OTHER (COMBINED) COUNTIES,,CA,2015-06-03 15:08:31.000,CALIFORNIA,CORN,,ANNUAL,06,TONS / ACRE,00000000,"CORN, SILAGE - YIELD, MEASURED IN TONS / ACRE",40,CROPS,00,YEAR
CROPS,00,40,YEAR,"CORN, SILAGE - YIELD, MEASURED IN TONS / ACRE",00000000,06,TONS / ACRE,ANNUAL,,CORN,2015-06-03 15:08:31.000,CALIFORNIA,,CA,OTHER (COMBINED) COUNTIES,COUNTY,,CENTRAL COAST,SILAGE,TOTAL,ALL CLASSES,UNITED STATES,FIELD CROPS,28,2010,,,998,ALL PRODUCTION PRACTICES,,06,SURVEY,,"CALIFORNIA, CENTRAL COAST, OTHER (COMBINED) COUNTIES",YIELD,NOT SPECIFIED,9000,00
,06,SURVEY,,"CALIFORNIA, CENTRAL COAST, SONOMA",YIELD,NOT SPECIFIED,9000,00,,,097,ALL PRODUCTION PRACTICES,ALL CLASSES,UNITED STATES,FIELD CROPS,30,2010,SILAGE,TOTAL,,CENTRAL COAST,CA,097,SONOMA,COUNTY,,CORN,CALIFORNIA,2015-06-03 15:08:31.000,40,CROPS,00,YEAR,"CORN, SILAGE - YIELD, MEASURED IN TONS / ACRE",00000000,06,TONS / ACRE,ANNUAL
,"CALIFORNIA, SACRAMENTO VALLEY, OTHER (COMBINED) COUNTIES",YIELD,,06,SURVEY,9000,00,NOT SPECIFIED,,ALL PRODUCTION PRACTICES,,998,UNITED STATES,ALL CLASSES,24.5,2016,FIELD CROPS,SILAGE,TOTAL,,SACRAMENTO VALLEY,,CA,OTHER (COMBINED) COUNTIES,COUNTY,CALIFORNIA,2017-02-23 15:00:08.000,,CORN,00000000,06,TONS / ACRE,CROPS,00,YEAR,50,"CORN, SILAGE - YIELD, MEASURED IN TONS / ACRE",ANNUAL
998,,ALL PRODUCTION PRACTICES,,NOT SPECIFIED,00,9000,SURVEY,06,,YIELD,"CALIFORNIA, SACRAMENTO VALLEY, OTHER (COMBINED) COUNTIES",,TOTAL,SILAGE,FIELD CROPS,2011,27.5,ALL CLASSES,UNITED STATES,COUNTY,OTHER (COMBINED) COUNTIES,,CA,SACRAMENTO VALLEY,,ANNUAL,"CORN, SILAGE - YIELD, MEASURED IN TONS / ACRE",CROPS,00,50,YEAR,TONS / ACRE,06,00000000,CORN,,CALIFORNIA,2015-06-03 15:08:31.000
FIELD CROPS,2010,25.5,ALL CLASSES,UNITED STATES,TOTAL,SILAGE,NOT SPECIFIED,00,9000,SURVEY,06,,YIELD,"CALIFORNIA, SACRAMENTO VALLEY, OTHER (COMBINED) COUNTIES",,998,,ALL PRODUCTION PRACTICES,,CORN,,CALIFORNIA,2015-06-03 15:08:31.000,ANNUAL,"CORN, SILAGE - YIELD, MEASURED IN TONS / ACRE",CROPS,50,00,YEAR,TONS / ACRE,06,00000000,SACRAMENTO VALLEY,,COUNTY,OTHER (COMBINED) COUNTIES,CA,
04.40,ALL PRODUCTION PRACTICES,,021,,YIELD,"CALIFORNIA, SACRAMENTO VALLEY, GLENN",06,,SURVEY,9000,00,NOT SPECIFIED,SILAGE,TOTAL,UNITED STATES,ALL CLASSES,27.5,2022,FIELD CROPS,021,CA,GLENN,COUNTY,,SACRAMENTO VALLEY,00000000,TONS / ACRE,06,YEAR,50,CROPS,00,"CORN, SILAGE - YIELD, MEASURED IN TONS / ACRE",ANNUAL,CALIFORNIA,2023-02-24 15:00:00.000,,CORN
,021,ALL PRODUCTION PRACTICES,03.10,NOT SPECIFIED,9000,00,,06,SURVEY,,"CALIFORNIA, SACRAMENTO VALLEY, GLENN",YIELD,TOTAL,SILAGE,FIELD CROPS,28.5,2021,ALL CLASSES,UNITED STATES,COUNTY,021,CA,GLENN,SACRAMENTO VALLEY,,ANNUAL,CROPS,50,YEAR,00,"CORN, SILAGE - YIELD, MEASURED IN TONS / ACRE",00000000,TONS / ACRE,06,,CORN,2023-02-24 15:00:00.000,CALIFORNIA
FIELD CROPS,2016,25.5,ALL CLASSES,UNITED STATES,TOTAL,SILAGE,NOT SPECIFIED,00,9000,SURVEY,06,,"CALIFORNIA, SACRAMENTO VALLEY, GLENN",YIELD,,021,,ALL PRODUCTION PRACTICES,,CORN,,CALIFORNIA,2017-02-23 15:00:08.000,ANNUAL,"CORN, SILAGE - YIELD, MEASURED IN TONS / ACRE",00,CROPS,50,YEAR,TONS / ACRE,06,00000000,SACRAMENTO VALLEY,,COUNTY,GLENN,CA,021
COUNTY,SACRAMENTO,CA,067,SACRAMENTO VALLEY,,ANNUAL,"CORN, SILAGE - YIELD, MEASURED IN TONS / ACRE",50,CROPS,YEAR,00,TONS / ACRE,06,00000000,CORN,,2023-02-24 15:00:00.000,CALIFORNIA,067,,ALL PRODUCTION PRACTICES,03.30,NOT SPECIFIED,00,9000,SURVEY,06,,YIELD,"CALIFORNIA, SACRAMENTO VALLEY, SACRAMENTO",,TOTAL,SILAGE,FIELD CROPS,2022,25.5,ALL CLASSES,UNITED STATES
2015-06-03 15:08:31.000,CALIFORNIA,CORN,,06,TONS / ACRE,00000000,"CORN, SILAGE - YIELD, MEASURED IN TONS / ACRE",50,YEAR,00,CROPS,ANNUAL,,SACRAMENTO VALLEY,TEHAMA,103,CA,COUNTY,UNITED STATES,ALL CLASSES,2011,24.5,FIELD CROPS,SILAGE,TOTAL,"CALIFORNIA, SACRAMENTO VALLEY, TEHAMA",YIELD,,SURVEY,,06,00,9000,NOT SPECIFIED,,ALL PRODUCTION PRACTICES,103,
2011,31.5,FIELD CROPS,UNITED STATES,ALL CLASSES,TOTAL,SILAGE,00,9000,NOT SPECIFIED,"CALIFORNIA, SACRAMENTO VALLEY, YUBA",YIELD,,SURVEY,,06,ALL PRODUCTION PRACTICES,115,,,2015-06-03 15:08:31.000,CALIFORNIA,CORN,,ANNUAL,TONS / ACRE,06,00000000,"CORN, SILAGE - YIELD, MEASURED IN TONS / ACRE",CROPS,00,YEAR,50,SACRAMENTO VALLEY,,COUNTY,YUBA,115,CA
SILAGE,TOTAL,ALL CLASSES,UNITED STATES,FIELD CROPS,28,2019,,,998,ALL PRODUCTION PRACTICES,,06,SURVEY,,YIELD,"CALIFORNIA, SAN JOAQUIN VALLEY, OTHER (COMBINED) COUNTIES",NOT SPECIFIED,9000,00,51,00,CROPS,YEAR,"CORN, SILAGE - YIELD, MEASURED IN TONS / ACRE",00000000,06,TONS / ACRE,ANNUAL,,CORN,CALIFORNIA,2021-02-25 15:10:17.000,CA,,OTHER (COMBINED) COUNTIES,COUNTY,,SAN JOAQUIN VALLEY
ALL CLASSES,UNITED STATES,FIELD CROPS,2018,27.5,SILAGE,TOTAL,SURVEY,,06,YIELD,"CALIFORNIA, SAN JOAQUIN VALLEY, OTHER (COMBINED) COUNTIES",,NOT SPECIFIED,00,9000,,998,,ALL PRODUCTION PRACTICES,CORN,,2019-03-21 15:00:18.000,CALIFORNIA,"CORN, SILAGE - YIELD, MEASURED IN TONS / ACRE",YEAR,CROPS,00,51,06,TONS / ACRE,00000000,ANNUAL,,SAN JOAQUIN VALLEY,OTHER (COMBINED) COUNTIES,,CA,COUNTY
FIELD CROPS,2017,23.5,ALL CLASSES,UNITED STATES,TOTAL,SILAGE,NOT SPECIFIED,00,9000,SURVEY,06,,"CALIFORNIA, SAN JOAQUIN VALLEY, OTHER (COMBINED) COUNTIES",YIELD,,998,,ALL PRODUCTION PRACTICES,,CORN,,CALIFORNIA,2018-02-22 15:08:35.000,ANNUAL,"CORN, SILAGE - YIELD, MEASURED IN TONS / ACRE",51,CROPS,00,YEAR,TONS / ACRE,06,00000000,SAN JOAQUIN VALLEY,,COUNTY,OTHER (COMBINED) COUNTIES,CA,
ALL CLASSES,UNITED STATES,FIELD CROPS,25,2015,SILAGE,TOTAL,,06,SURVEY,,YIELD,"CALIFORNIA, SAN JOAQUIN VALLEY, OTHER (COMBINED) COUNTIES",NOT SPECIFIED,9000,00,,,998,ALL PRODUCTION PRACTICES,,CORN,CALIFORNIA,2017-02-23 15:00:08.000,51,00,CROPS,YEAR,"CORN, SILAGE - YIELD, MEASURED IN TONS / ACRE",00000000,06,TONS / ACRE,ANNUAL,,SAN JOAQUIN VALLEY,CA,,OTHER (COMBINED) COUNTIES,COUNTY
,CORN,CALIFORNIA,2023-02-24 15:00:00.000,00,CROPS,51,YEAR,"CORN, SILAGE - YIELD, MEASURED IN TONS / ACRE",00000000,TONS / ACRE,06,ANNUAL,,SAN JOAQUIN VALLEY,CA,019,FRESNO,COUNTY,ALL CLASSES,UNITED STATES,FIELD CROPS,20,2022,SILAGE,TOTAL,,06,SURVEY,,"CALIFORNIA, SAN JOAQUIN VALLEY, FRESNO",YIELD,NOT SPECIFIED,9000,00,09.40,,019,ALL PRODUCTION PRACTICES
YIELD,"CALIFORNIA, SAN JOAQUIN VALLEY, FRESNO",,SURVEY,,06,00,9000,NOT SPECIFIED,04.20,ALL PRODUCTION PRACTICES,019,,UNITED STATES,ALL CLASSES,2021,25.5,FIELD CROPS,SILAGE,TOTAL,,SAN JOAQUIN VALLEY,FRESNO,CA,019,COUNTY,CALIFORNIA,2023-02-24 15:00:00.000,CORN,,06,TONS / ACRE,00000000,"CORN, SILAGE - YIELD, MEASURED IN TONS / ACRE",51,CROPS,YEAR,00,ANNUAL
YIELD,"CALIFORNIA, SAN JOAQUIN VALLEY, FRESNO",,SURVEY,,06,00,9000,NOT SPECIFIED,5.0,ALL PRODUCTION PRACTICES,019,,UNITED STATES,ALL CLASSES,2020,23,FIELD CROPS,SILAGE,TOTAL,,SAN JOAQUIN VALLEY,FRESNO,CA,019,COUNTY,2022-02-24 15:00:14.000,CALIFORNIA,CORN,,TONS / ACRE,06,00000000,"CORN, SILAGE - YIELD, MEASURED IN TONS / ACRE",CROPS,YEAR,00,51,ANNUAL
COUNTY,CA,019,FRESNO,SAN JOAQUIN VALLEY,,ANNUAL,51,CROPS,00,YEAR,"CORN, SILAGE - YIELD, MEASURED IN TONS / ACRE",00000000,06,TONS / ACRE,,CORN,2021-02-25 15:10:17.000,CALIFORNIA,,019,ALL PRODUCTION PRACTICES,,NOT SPECIFIED,9000,00,06,,SURVEY,,"CALIFORNIA, SAN JOAQUIN VALLEY, FRESNO",YIELD,TOTAL,SILAGE,FIELD CROPS,23,2019,ALL CLASSES,UNITED STATES
SAN JOAQUIN VALLEY,,COUNTY,CA,019,FRESNO,2019-03-21 15:00:18.000,CALIFORNIA,,CORN,ANNUAL,00000000,TONS / ACRE,06,51,00,CROPS,YEAR,"CORN, SILAGE - YIELD, MEASURED IN TONS / ACRE",9000,00,NOT SPECIFIED,,"CALIFORNIA, SAN JOAQUIN VALLEY, FRESNO",YIELD,06,,SURVEY,ALL PRODUCTION PRACTICES,,019,,23,2018,FIELD CROPS,UNITED STATES,ALL CLASSES,TOTAL,SILAGE
SAN JOAQUIN VALLEY,,COUNTY,CA,019,FRESNO,2017-02-23 15:00:08.000,CALIFORNIA,,CORN,ANNUAL,00000000,TONS / ACRE,06,YEAR,51,CROPS,00,"CORN, SILAGE - YIELD, MEASURED IN TONS / ACRE",9000,00,NOT SPECIFIED,,YIELD,"CALIFORNIA, SAN JOAQUIN VALLEY, FRESNO",,06,SURVEY,ALL PRODUCTION PRACTICES,,019,,24.5,2016,FIELD CROPS,UNITED STATES,ALL CLASSES,TOTAL,SILAGE
,SAN JOAQUIN VALLEY,FRESNO,CA,019,COUNTY,2015-02-19 15:38:52.000,CALIFORNIA,CORN,,06,TONS / ACRE,00000000,"CORN, SILAGE - YIELD, MEASURED IN TONS / ACRE",YEAR,CROPS,51,00,ANNUAL,"CALIFORNIA, SAN JOAQUIN VALLEY, FRESNO",YIELD,,SURVEY,06,,00,9000,NOT SPECIFIED,,ALL PRODUCTION PRACTICES,019,,UNITED STATES,ALL CLASSES,2014,23,FIELD CROPS,SILAGE,TOTAL
FRESNO,019,CA,COUNTY,,SAN JOAQUIN VALLEY,TONS / ACRE,06,00000000,"CORN, SILAGE - YIELD, MEASURED IN TONS / ACRE",CROPS,00,YEAR,51,ANNUAL,CALIFORNIA,2019-10-01 15:11:43.000,CORN,,,ALL PRODUCTION PRACTICES,019,,YIELD,"CALIFORNIA, SAN JOAQUIN VALLEY, FRESNO",,SURVEY,,06,00,9000,NOT SPECIFIED,SILAGE,TOTAL,UNITED STATES,ALL CLASSES,2013,24,FIELD CROPS
SILAGE,TOTAL,ALL CLASSES,UNITED STATES,FIELD CROPS,22.5,2012,,,019,ALL PRODUCTION PRACTICES,06,,SURVEY,,"CALIFORNIA, SAN JOAQUIN VALLEY, FRESNO",YIELD,NOT SPECIFIED,9000,00,YEAR,51,00,CROPS,"CORN, SILAGE - YIELD, MEASURED IN TONS / ACRE",00000000,06,TONS / ACRE,ANNUAL,,CORN,2015-06-03 15:08:31.000,CALIFORNIA,019,CA,FRESNO,COUNTY,,SAN JOAQUIN VALLEY
ALL CLASSES,UNITED STATES,FIELD CROPS,2011,22.5,SILAGE,TOTAL,SURVEY,06,,YIELD,"CALIFORNIA, SAN JOAQUIN VALLEY, FRESNO",,NOT SPECIFIED,00,9000,,019,,ALL PRODUCTION PRACTICES,CORN,,2015-06-03 15:08:31.000,CALIFORNIA,"CORN, SILAGE - YIELD, MEASURED IN TONS / ACRE",00,51,CROPS,YEAR,06,TONS / ACRE,00000000,ANNUAL,,SAN JOAQUIN VALLEY,FRESNO,019,CA,COUNTY
ALL CLASSES,UNITED STATES,FIELD CROPS,2010,23.5,SILAGE,TOTAL,SURVEY,06,,YIELD,"CALIFORNIA, SAN JOAQUIN VALLEY, FRESNO",,NOT SPECIFIED,00,9000,,019,,ALL PRODUCTION PRACTICES,CORN,,CALIFORNIA,2015-06-03 15:08:31.000,"CORN, SILAGE - YIELD, MEASURED IN TONS / ACRE",51,CROPS,YEAR,00,TONS / ACRE,06,00000000,ANNUAL,,SAN JOAQUIN VALLEY,FRESNO,019,CA,COUNTY
SILAGE,TOTAL,ALL CLASSES,UNITED STATES,FIELD CROPS,2022,26.5,03.20,029,,ALL PRODUCTION PRACTICES,SURVEY,,06,YIELD,"CALIFORNIA, SAN JOAQUIN VALLEY, KERN",,NOT SPECIFIED,00,9000,"CORN, SILAGE - YIELD, MEASURED IN TONS / ACRE",00,CROPS,51,YEAR,TONS / ACRE,06,00000000,ANNUAL,CORN,,CALIFORNIA,2023-02-24 15:00:00.000,KERN,CA,029,COUNTY,,SAN JOAQUIN VALLEY
UNITED STATES,ALL CLASSES,25,2021,FIELD CROPS,SILAGE,TOTAL,,"CALIFORNIA, SAN JOAQUIN VALLEY, KERN",YIELD,06,,SURVEY,9000,00,NOT SPECIFIED,03.70,ALL PRODUCTION PRACTICES,,029,2023-02-24 15:00:00.000,CALIFORNIA,,CORN,00000000,TONS / ACRE,06,00,CROPS,51,YEAR,"CORN, SILAGE - YIELD, MEASURED IN TONS / ACRE",ANNUAL,,SAN JOAQUIN VALLEY,029,CA,KERN,COUNTY
2.6,ALL PRODUCTION PRACTICES,,029,,"CALIFORNIA, SAN JOAQUIN VALLEY, KERN",YIELD,,06,SURVEY,9000,00,NOT SPECIFIED,SILAGE,TOTAL,UNITED STATES,ALL CLASSES,25.5,2020,FIELD CROPS,CA,029,KERN,COUNTY,,SAN JOAQUIN VALLEY,00000000,06,TONS / ACRE,00,51,YEAR,CROPS,"CORN, SILAGE - YIELD, MEASURED IN TONS / ACRE",ANNUAL,2022-02-24 15:00:14.000,CALIFORNIA,,CORN
ALL PRODUCTION PRACTICES,,029,,9000,00,NOT SPECIFIED,,"CALIFORNIA, SAN JOAQUIN VALLEY, KERN",YIELD,06,,SURVEY,TOTAL,SILAGE,26,2017,FIELD CROPS,UNITED STATES,ALL CLASSES,COUNTY,029,CA,KERN,SAN JOAQUIN VALLEY,,ANNUAL,00000000,06,TONS / ACRE,YEAR,51,00,CROPS,"CORN, SILAGE - YIELD, MEASURED IN TONS / ACRE",2018-02-22 15:08:35.000,CALIFORNIA,,CORN
COUNTY,KERN,CA,029,SAN JOAQUIN VALLEY,,ANNUAL,"CORN, SILAGE - YIELD, MEASURED IN TONS / ACRE",YEAR,51,CROPS,00,TONS / ACRE,06,00000000,CORN,,CALIFORNIA,2017-02-23 15:00:08.000,029,,ALL PRODUCTION PRACTICES,,NOT SPECIFIED,00,9000,SURVEY,06,,YIELD,"CALIFORNIA, SAN JOAQUIN VALLEY, KERN",,TOTAL,SILAGE,FIELD CROPS,2016,27.5,ALL CLASSES,UNITED STATES
UNITED STATES,ALL CLASSES,2015,25,FIELD CROPS,SILAGE,TOTAL,YIELD,"CALIFORNIA, SAN JOAQUIN VALLEY, KERN",,SURVEY,,06,00,9000,NOT SPECIFIED,,ALL PRODUCTION PRACTICES,029,,CALIFORNIA,2017-02-23 15:00:08.000,CORN,,TONS / ACRE,06,00000000,"CORN, SILAGE - YIELD, MEASURED IN TONS / ACRE",51,00,CROPS,YEAR,ANNUAL,,SAN JOAQUIN VALLEY,KERN,029,CA,COUNTY
NOT SPECIFIED,00,9000,SURVEY,,06,YIELD,"CALIFORNIA, SAN JOAQUIN VALLEY, KERN",,029,,ALL PRODUCTION PRACTICES,,FIELD CROPS,2014,24.5,ALL CLASSES,UNITED STATES,TOTAL,SILAGE,SAN JOAQUIN VALLEY,,COUNTY,KERN,CA,029,CORN,,2015-02-19 15:38:52.000,CALIFORNIA,ANNUAL,"CORN, SILAGE - YIELD, MEASURED IN TONS / ACRE",CROPS,51,00,YEAR,TONS / ACRE,06,00000000
CROPS,00,51,YEAR,"CORN, SILAGE - YIELD, MEASURED IN TONS / ACRE",00000000,TONS / ACRE,06,ANNUAL,,CORN,2019-10-01 15:11:43.000,CALIFORNIA,CA,029,KERN,COUNTY,,SAN JOAQUIN VALLEY,SILAGE,TOTAL,ALL CLASSES,UNITED STATES,FIELD CROPS,24.5,2013,,,029,ALL PRODUCTION PRACTICES,,06,SURVEY,,"CALIFORNIA, SAN JOAQUIN VALLEY, KERN",YIELD,NOT SPECIFIED,9000,00
SAN JOAQUIN VALLEY,,COUNTY,CA,029,KERN,,CORN,CALIFORNIA,2015-06-03 15:08:31.000,ANNUAL,CROPS,00,YEAR,51,"CORN, SILAGE - YIELD, MEASURED IN TONS / ACRE",00000000,06,TONS / ACRE,NOT SPECIFIED,9000,00,06,,SURVEY,,"CALIFORNIA, SAN JOAQUIN VALLEY, KERN",YIELD,,029,ALL PRODUCTION PRACTICES,,FIELD CROPS,26.5,2012,ALL CLASSES,UNITED STATES,TOTAL,SILAGE
CALIFORNIA,2015-06-03 15:08:31.000,CORN,,TONS / ACRE,06,00000000,"CORN, SILAGE - YIELD, MEASURED IN TONS / ACRE",51,CROPS,YEAR,00,ANNUAL,,SAN JOAQUIN VALLEY,KERN,029,CA,COUNTY,UNITED STATES,ALL CLASSES,2011,22,FIELD CROPS,SILAGE,TOTAL,"CALIFORNIA, SAN JOAQUIN VALLEY, KERN",YIELD,,SURVEY,06,,00,9000,NOT SPECIFIED,,ALL PRODUCTION PRACTICES,029,
23,2010,FIELD CROPS,UNITED STATES,ALL CLASSES,TOTAL,SILAGE,9000,00,NOT SPECIFIED,,"CALIFORNIA, SAN JOAQUIN VALLEY, KERN",YIELD,,06,SURVEY,ALL PRODUCTION PRACTICES,,029,,CALIFORNIA,2015-06-03 15:08:31.000,,CORN,ANNUAL,00000000,06,TONS / ACRE,00,CROPS,YEAR,51,"CORN, SILAGE - YIELD, MEASURED IN TONS / ACRE",SAN JOAQUIN VALLEY,,COUNTY,029,CA,KERN
FIELD CROPS,25,2022,ALL CLASSES,UNITED STATES,TOTAL,SILAGE,NOT SPECIFIED,9000,00,06,,SURVEY,,"CALIFORNIA, SAN JOAQUIN VALLEY, KINGS",YIELD,,031,ALL PRODUCTION PRACTICES,05.00,,CORN,CALIFORNIA,2023-02-24 15:00:00.000,ANNUAL,YEAR,51,CROPS,00,"CORN, SILAGE - YIELD, MEASURED IN TONS / ACRE",00000000,06,TONS / ACRE,SAN JOAQUIN VALLEY,,COUNTY,CA,031,KINGS
,SAN JOAQUIN VALLEY,KINGS,CA,031,COUNTY,CORN,,CALIFORNIA,2023-02-24 15:00:00.000,"CORN, SILAGE - YIELD, MEASURED IN TONS / ACRE",CROPS,00,YEAR,51,06,TONS / ACRE,00000000,ANNUAL,SURVEY,,06,YIELD,"CALIFORNIA, SAN JOAQUIN VALLEY, KINGS",,NOT SPECIFIED,00,9000,05.90,031,,ALL PRODUCTION PRACTICES,ALL CLASSES,UNITED STATES,FIELD CROPS,2021,26.5,SILAGE,TOTAL
SILAGE,TOTAL,UNITED STATES,ALL CLASSES,24.5,2020,FIELD CROPS,3.8,ALL PRODUCTION PRACTICES,,031,,"CALIFORNIA, SAN JOAQUIN VALLEY, KINGS",YIELD,,06,SURVEY,9000,00,NOT SPECIFIED,00000000,TONS / ACRE,06,YEAR,CROPS,51,00,"CORN, SILAGE - YIELD, MEASURED IN TONS / ACRE",ANNUAL,CALIFORNIA,2022-02-24 15:00:14.000,,CORN,CA,031,KINGS,COUNTY,,SAN JOAQUIN VALLEY
"CORN, SILAGE - YIELD, MEASURED IN TONS / ACRE",51,CROPS,00,YEAR,06,TONS / ACRE,00000000,ANNUAL,CORN,,2021-02-25 15:10:17.000,CALIFORNIA,KINGS,031,CA,COUNTY,,SAN JOAQUIN VALLEY,SILAGE,TOTAL,ALL CLASSES,UNITED STATES,FIELD CROPS,2019,25.5,,031,,ALL PRODUCTION PRACTICES,SURVEY,06,,YIELD,"CALIFORNIA, SAN JOAQUIN VALLEY, KINGS",,NOT SPECIFIED,00,9000
SILAGE,TOTAL,UNITED STATES,ALL CLASSES,2018,24.5,FIELD CROPS,,ALL PRODUCTION PRACTICES,031,,"CALIFORNIA, SAN JOAQUIN VALLEY, KINGS",YIELD,,SURVEY,,06,00,9000,NOT SPECIFIED,TONS / ACRE,06,00000000,"CORN, SILAGE - YIELD, MEASURED IN TONS / ACRE",51,CROPS,00,YEAR,ANNUAL,CALIFORNIA,2019-03-21 15:00:18.000,CORN,,KINGS,031,CA,COUNTY,,SAN JOAQUIN VALLEY
CA,031,KINGS,COUNTY,,SAN JOAQUIN VALLEY,00000000,06,TONS / ACRE,00,CROPS,YEAR,51,"CORN, SILAGE - YIELD, MEASURED IN TONS / ACRE",ANNUAL,2017-02-23 15:00:08.000,CALIFORNIA,,CORN,,ALL PRODUCTION PRACTICES,,031,,"CALIFORNIA, SAN JOAQUIN VALLEY, KINGS",YIELD,,06,SURVEY,9000,00,NOT SPECIFIED,SILAGE,TOTAL,UNITED STATES,ALL CLASSES,24.5,2016,FIELD CROPS
ANNUAL,"CORN, SILAGE - YIELD, MEASURED IN TONS / ACRE",51,YEAR,CROPS,00,06,TONS / ACRE,00000000,CORN,,CALIFORNIA,2017-02-23 15:00:08.000,COUNTY,KINGS,CA,031,SAN JOAQUIN VALLEY,,TOTAL,SILAGE,FIELD CROPS,2015,26,ALL CLASSES,UNITED STATES,031,,ALL PRODUCTION PRACTICES,,NOT SPECIFIED,00,9000,SURVEY,,06,"CALIFORNIA, SAN JOAQUIN VALLEY, KINGS",YIELD,
ANNUAL,06,TONS / ACRE,00000000,"CORN, SILAGE - YIELD, MEASURED IN TONS / ACRE",51,CROPS,00,YEAR,CALIFORNIA,2015-02-19 15:38:52.000,CORN,,COUNTY,KINGS,CA,031,SAN JOAQUIN VALLEY,,TOTAL,SILAGE,2014,27,FIELD CROPS,UNITED STATES,ALL CLASSES,ALL PRODUCTION PRACTICES,031,,,00,9000,NOT SPECIFIED,"CALIFORNIA, SAN JOAQUIN VALLEY, KINGS",YIELD,,SURVEY,06,
ANNUAL,06,TONS / ACRE,00000000,"CORN, SILAGE - YIELD, MEASURED IN TONS / ACRE",CROPS,51,00,YEAR,CALIFORNIA,2019-10-01 15:11:43.000,CORN,,COUNTY,KINGS,031,CA,SAN JOAQUIN VALLEY,,TOTAL,SILAGE,2013,24,FIELD CROPS,UNITED STATES,ALL CLASSES,ALL PRODUCTION PRACTICES,031,,,00,9000,NOT SPECIFIED,YIELD,"CALIFORNIA, SAN JOAQUIN VALLEY, KINGS",,SURVEY,,06
COUNTY,031,CA,KINGS,SAN JOAQUIN VALLEY,,ANNUAL,00000000,TONS / ACRE,06,CROPS,51,00,YEAR,"CORN, SILAGE - YIELD, MEASURED IN TONS / ACRE",2015-06-03 15:08:31.000,CALIFORNIA,,CORN,ALL PRODUCTION PRACTICES,,031,,9000,00,NOT SPECIFIED,,"CALIFORNIA, SAN JOAQUIN VALLEY, KINGS",YIELD,,06,SURVEY,TOTAL,SILAGE,27,2012,FIELD CROPS,UNITED STATES,ALL CLASSES
SAN JOAQUIN VALLEY,,COUNTY,CA,031,KINGS,CALIFORNIA,2015-06-03 15:08:31.000,,CORN,ANNUAL,00000000,06,TONS / ACRE,51,00,CROPS,YEAR,"CORN, SILAGE - YIELD, MEASURED IN TONS / ACRE",9000,00,NOT SPECIFIED,,YIELD,"CALIFORNIA, SAN JOAQUIN VALLEY, KINGS",,06,SURVEY,ALL PRODUCTION PRACTICES,,031,,24.5,2011,FIELD CROPS,UNITED STATES,ALL CLASSES,TOTAL,SILAGE
ANNUAL,TONS / ACRE,06,00000000,"CORN, SILAGE - YIELD, MEASURED IN TONS / ACRE",51,CROPS,00,YEAR,2015-06-03 15:08:31.000,CALIFORNIA,CORN,,COUNTY,KINGS,031,CA,SAN JOAQUIN VALLEY,,TOTAL,SILAGE,2010,26,FIELD CROPS,UNITED STATES,ALL CLASSES,ALL PRODUCTION PRACTICES,031,,,00,9000,NOT SPECIFIED,YIELD,"CALIFORNIA, SAN JOAQUIN VALLEY, KINGS",,SURVEY,,06
,CORN,CALIFORNIA,2023-02-24 15:00:00.000,00,51,CROPS,YEAR,"CORN, SILAGE - YIELD, MEASURED IN TONS / ACRE",00000000,TONS / ACRE,06,ANNUAL,,SAN JOAQUIN VALLEY,CA,039,MADERA,COUNTY,ALL CLASSES,UNITED STATES,FIELD CROPS,27,2022,SILAGE,TOTAL,06,,SURVEY,,YIELD,"CALIFORNIA, SAN JOAQUIN VALLEY, MADERA",NOT SPECIFIED,9000,00,06.70,,039,ALL PRODUCTION PRACTICES
CORN,,CALIFORNIA,2023-02-24 15:00:00.000,ANNUAL,"CORN, SILAGE - YIELD, MEASURED IN TONS / ACRE",51,00,YEAR,CROPS,06,TONS / ACRE,00000000,SAN JOAQUIN VALLEY,,COUNTY,MADERA,039,CA,FIELD CROPS,2021,30.5,ALL CLASSES,UNITED STATES,TOTAL,SILAGE,NOT SPECIFIED,00,9000,SURVEY,06,,"CALIFORNIA, SAN JOAQUIN VALLEY, MADERA",YIELD,,039,,ALL PRODUCTION PRACTICES,03.00
UNITED STATES,ALL CLASSES,2020,29.5,FIELD CROPS,SILAGE,TOTAL,"CALIFORNIA, SAN JOAQUIN VALLEY, MADERA",YIELD,,SURVEY,,06,00,9000,NOT SPECIFIED,3.0,ALL PRODUCTION PRACTICES,039,,CALIFORNIA,2022-02-24 15:00:14.000,CORN,,06,TONS / ACRE,00000000,"CORN, SILAGE - YIELD, MEASURED IN TONS / ACRE",51,CROPS,00,YEAR,ANNUAL,,SAN JOAQUIN VALLEY,MADERA,CA,039,COUNTY
NOT SPECIFIED,9000,00,,06,SURVEY,,"CALIFORNIA, SAN JOAQUIN VALLEY, MADERA",YIELD,,039,ALL PRODUCTION PRACTICES,,FIELD CROPS,29,2017,ALL CLASSES,UNITED STATES,TOTAL,SILAGE,SAN JOAQUIN VALLEY,,COUNTY,039,CA,MADERA,,CORN,CALIFORNIA,2018-02-22 15:08:35.000,ANNUAL,YEAR,51,00,CROPS,"CORN, SILAGE - YIELD, MEASURED IN TONS / ACRE",00000000,06,TONS / ACRE
ALL CLASSES,UNITED STATES,FIELD CROPS,27,2016,SILAGE,TOTAL,,06,SURVEY,,YIELD,"CALIFORNIA, SAN JOAQUIN VALLEY, MADERA",NOT SPECIFIED,9000,00,,,039,ALL PRODUCTION PRACTICES,,CORN,2017-02-23 15:00:08.000,CALIFORNIA,YEAR,CROPS,51,00,"CORN, SILAGE - YIELD, MEASURED IN TONS / ACRE",00000000,TONS / ACRE,06,ANNUAL,,SAN JOAQUIN VALLEY,CA,039,MADERA,COUNTY
,SAN JOAQUIN VALLEY,039,CA,MADERA,COUNTY,2015-02-19 15:38:52.000,CALIFORNIA,,CORN,00000000,TONS / ACRE,06,51,00,YEAR,CROPS,"CORN, SILAGE - YIELD, MEASURED IN TONS / ACRE",ANNUAL,,"CALIFORNIA, SAN JOAQUIN VALLEY, MADERA",YIELD,06,,SURVEY,9000,00,NOT SPECIFIED,,ALL PRODUCTION PRACTICES,,039,UNITED STATES,ALL CLASSES,25.5,2014,FIELD CROPS,SILAGE,TOTAL
,SAN JOAQUIN VALLEY,MADERA,CA,039,COUNTY,CORN,,2019-10-01 15:11:43.000,CALIFORNIA,"CORN, SILAGE - YIELD, MEASURED IN TONS / ACRE",CROPS,51,00,YEAR,06,TONS / ACRE,00000000,ANNUAL,SURVEY,06,,YIELD,"CALIFORNIA, SAN JOAQUIN VALLEY, MADERA",,NOT SPECIFIED,00,9000,,039,,ALL PRODUCTION PRACTICES,ALL CLASSES,UNITED STATES,FIELD CROPS,2013,25,SILAGE,TOTAL
,ALL PRODUCTION PRACTICES,,039,,YIELD,"CALIFORNIA, SAN JOAQUIN VALLEY, MADERA",06,,SURVEY,9000,00,NOT SPECIFIED,SILAGE,TOTAL,UNITED STATES,ALL CLASSES,23,2012,FIELD CROPS,039,CA,MADERA,COUNTY,,SAN JOAQUIN VALLEY,00000000,TONS / ACRE,06,CROPS,YEAR,51,00,"CORN, SILAGE - YIELD, MEASURED IN TONS / ACRE",ANNUAL,CALIFORNIA,2015-06-03 15:08:31.000,,CORN
ANNUAL,51,YEAR,CROPS,00,"CORN, SILAGE - YIELD, MEASURED IN TONS / ACRE",00000000,TONS / ACRE,06,,CORN,CALIFORNIA,2015-06-03 15:08:31.000,COUNTY,039,CA,MADERA,SAN JOAQUIN VALLEY,,TOTAL,SILAGE,FIELD CROPS,27,2011,ALL CLASSES,UNITED STATES,,039,ALL PRODUCTION PRACTICES,,NOT SPECIFIED,9000,00,,06,SURVEY,,YIELD,"CALIFORNIA, SAN JOAQUIN VALLEY, MADERA"
ANNUAL,"CORN, SILAGE - YIELD, MEASURED IN TONS / ACRE",51,CROPS,YEAR,00,TONS / ACRE,06,00000000,CORN,,CALIFORNIA,2015-06-03 15:08:31.000,COUNTY,MADERA,039,CA,SAN JOAQUIN VALLEY,,TOTAL,SILAGE,FIELD CROPS,2010,26,ALL CLASSES,UNITED STATES,039,,ALL PRODUCTION PRACTICES,,NOT SPECIFIED,00,9000,SURVEY,06,,YIELD,"CALIFORNIA, SAN JOAQUIN VALLEY, MADERA",
,CORN,CALIFORNIA,2023-02-24 15:00:00.000,CROPS,51,YEAR,00,"CORN, SILAGE - YIELD, MEASURED IN TONS / ACRE",00000000,06,TONS / ACRE,ANNUAL,,SAN JOAQUIN VALLEY,CA,047,MERCED,COUNTY,ALL CLASSES,UNITED STATES,FIELD CROPS,25.5,2022,SILAGE,TOTAL,06,,SURVEY,,YIELD,"CALIFORNIA, SAN JOAQUIN VALLEY, MERCED",NOT SPECIFIED,9000,00,07.40,,047,ALL PRODUCTION PRACTICES
00,9000,NOT SPECIFIED,"CALIFORNIA, SAN JOAQUIN VALLEY, MERCED",YIELD,,SURVEY,06,,ALL PRODUCTION PRACTICES,047,,03.00,2021,29,FIELD CROPS,UNITED STATES,ALL CLASSES,TOTAL,SILAGE,SAN JOAQUIN VALLEY,,COUNTY,MERCED,047,CA,2023-02-24 15:00:00.000,CALIFORNIA,CORN,,ANNUAL,TONS / ACRE,06,00000000,"CORN, SILAGE - YIELD, MEASURED IN TONS / ACRE",CROPS,51,00,YEAR
SILAGE,TOTAL,ALL CLASSES,UNITED STATES,FIELD CROPS,27,2020,3.9,,047,ALL PRODUCTION PRACTICES,,06,SURVEY,,YIELD,"CALIFORNIA, SAN JOAQUIN VALLEY, MERCED",NOT SPECIFIED,9000,00,00,51,CROPS,YEAR,"CORN, SILAGE - YIELD, MEASURED IN TONS / ACRE",00000000,06,TONS / ACRE,ANNUAL,,CORN,2022-02-24 15:00:14.000,CALIFORNIA,047,CA,MERCED,COUNTY,,SAN JOAQUIN VALLEY
,CORN,CALIFORNIA,2021-02-25 15:10:17.000,CROPS,00,51,YEAR,"CORN, SILAGE - YIELD, MEASURED IN TONS / ACRE",00000000,06,TONS / ACRE,ANNUAL,,SAN JOAQUIN VALLEY,CA,047,MERCED,COUNTY,ALL CLASSES,UNITED STATES,FIELD CROPS,28.5,2019,SILAGE,TOTAL,06,,SURVEY,,"CALIFORNIA, SAN JOAQUIN VALLEY, MERCED",YIELD,NOT SPECIFIED,9000,00,,,047,ALL PRODUCTION PRACTICES
ALL PRODUCTION PRACTICES,047,,,00,9000,NOT SPECIFIED,"CALIFORNIA, SAN JOAQUIN VALLEY, MERCED",YIELD,,SURVEY,06,,TOTAL,SILAGE,2018,28,FIELD CROPS,UNITED STATES,ALL CLASSES,COUNTY,MERCED,047,CA,SAN JOAQUIN VALLEY,,ANNUAL,06,TONS / ACRE,00000000,"CORN, SILAGE - YIELD, MEASURED IN TONS / ACRE",CROPS,51,00,YEAR,2019-03-21 15:00:18.000,CALIFORNIA,CORN,
2018-02-22 15:08:35.000,CALIFORNIA,CORN,,ANNUAL,TONS / ACRE,06,00000000,"CORN, SILAGE - YIELD, MEASURED IN TONS / ACRE",CROPS,51,00,YEAR,SAN JOAQUIN VALLEY,,COUNTY,MERCED,CA,047,2017,27.5,FIELD CROPS,UNITED STATES,ALL CLASSES,TOTAL,SILAGE,00,9000,NOT SPECIFIED,"CALIFORNIA, SAN JOAQUIN VALLEY, MERCED",YIELD,,SURVEY,,06,ALL PRODUCTION PRACTICES,047,,
TOTAL,SILAGE,2016,27.5,FIELD CROPS,UNITED STATES,ALL CLASSES,ALL PRODUCTION PRACTICES,047,,,00,9000,NOT SPECIFIED,YIELD,"CALIFORNIA, SAN JOAQUIN VALLEY, MERCED",,SURVEY,06,,ANNUAL,06,TONS / ACRE,00000000,"CORN, SILAGE - YIELD, MEASURED IN TONS / ACRE",51,CROPS,YEAR,00,2017-02-23 15:00:08.000,CALIFORNIA,CORN,,COUNTY,MERCED,047,CA,SAN JOAQUIN VALLEY,
MERCED,047,CA,COUNTY,,SAN JOAQUIN VALLEY,"CORN, SILAGE - YIELD, MEASURED IN TONS / ACRE",CROPS,YEAR,51,00,06,TONS / ACRE,00000000,ANNUAL,CORN,,CALIFORNIA,2017-02-23 15:00:08.000,,047,,ALL PRODUCTION PRACTICES,SURVEY,,06,YIELD,"CALIFORNIA, SAN JOAQUIN VALLEY, MERCED",,NOT SPECIFIED,00,9000,SILAGE,TOTAL,ALL CLASSES,UNITED STATES,FIELD CROPS,2015,26.5
MERCED,047,CA,COUNTY,,SAN JOAQUIN VALLEY,"CORN, SILAGE - YIELD, MEASURED IN TONS / ACRE",CROPS,51,YEAR,00,TONS / ACRE,06,00000000,ANNUAL,CORN,,2015-02-19 15:38:52.000,CALIFORNIA,,047,,ALL PRODUCTION PRACTICES,SURVEY,,06,YIELD,"CALIFORNIA, SAN JOAQUIN VALLEY, MERCED",,NOT SPECIFIED,00,9000,SILAGE,TOTAL,ALL CLASSES,UNITED STATES,FIELD CROPS,2014,27.5
CALIFORNIA,2019-10-01 15:11:43.000,CORN,,06,TONS / ACRE,00000000,"CORN, SILAGE - YIELD, MEASURED IN TONS / ACRE",00,CROPS,51,YEAR,ANNUAL,,SAN JOAQUIN VALLEY,MERCED,047,CA,COUNTY,UNITED STATES,ALL CLASSES,2013,27.5,FIELD CROPS,SILAGE,TOTAL,YIELD,"CALIFORNIA, SAN JOAQUIN VALLEY, MERCED",,SURVEY,,06,00,9000,NOT SPECIFIED,,ALL PRODUCTION PRACTICES,047,
NOT SPECIFIED,9000,00,,06,SURVEY,,"CALIFORNIA, SAN JOAQUIN VALLEY, MERCED",YIELD,,047,ALL PRODUCTION PRACTICES,,FIELD CROPS,26.5,2012,ALL CLASSES,UNITED STATES,TOTAL,SILAGE,SAN JOAQUIN VALLEY,,COUNTY,047,CA,MERCED,,CORN,2015-06-03 15:08:31.000,CALIFORNIA,ANNUAL,YEAR,CROPS,51,00,"CORN, SILAGE - YIELD, MEASURED IN TONS / ACRE",00000000,TONS / ACRE,06
27.5,2011,FIELD CROPS,UNITED STATES,ALL CLASSES,TOTAL,SILAGE,9000,00,NOT SPECIFIED,,"CALIFORNIA, SAN JOAQUIN VALLEY, MERCED",YIELD,06,,SURVEY,ALL PRODUCTION PRACTICES,,047,,CALIFORNIA,2015-06-03 15:08:31.000,,CORN,ANNUAL,00000000,06,TONS / ACRE,51,00,YEAR,CROPS,"CORN, SILAGE - YIELD, MEASURED IN TONS / ACRE",SAN JOAQUIN VALLEY,,COUNTY,CA,047,MERCED
,SAN JOAQUIN VALLEY,047,CA,MERCED,COUNTY,,CORN,CALIFORNIA,2015-06-03 15:08:31.000,00,51,CROPS,YEAR,"CORN, SILAGE - YIELD, MEASURED IN TONS / ACRE",00000000,06,TONS / ACRE,ANNUAL,06,,SURVEY,,"CALIFORNIA, SAN JOAQUIN VALLEY, MERCED",YIELD,NOT SPECIFIED,9000,00,,,047,ALL PRODUCTION PRACTICES,ALL CLASSES,UNITED STATES,FIELD CROPS,27,2010,SILAGE,TOTAL
,YIELD,"CALIFORNIA, SAN JOAQUIN VALLEY, SAN JOAQUIN",06,,SURVEY,9000,00,NOT SPECIFIED,03.20,ALL PRODUCTION PRACTICES,,077,UNITED STATES,ALL CLASSES,29,2022,FIELD CROPS,SILAGE,TOTAL,,SAN JOAQUIN VALLEY,077,CA,SAN JOAQUIN,COUNTY,2023-02-24 15:00:00.000,CALIFORNIA,,CORN,00000000,TONS / ACRE,06,CROPS,51,YEAR,00,"CORN, SILAGE - YIELD, MEASURED IN TONS / ACRE",ANNUAL
FIELD CROPS,2021,30.5,ALL CLASSES,UNITED STATES,TOTAL,SILAGE,NOT SPECIFIED,00,9000,SURVEY,,06,YIELD,"CALIFORNIA, SAN JOAQUIN VALLEY, SAN JOAQUIN",,077,,ALL PRODUCTION PRACTICES,03.20,CORN,,2023-02-24 15:00:00.000,CALIFORNIA,ANNUAL,"CORN, SILAGE - YIELD, MEASURED IN TONS / ACRE",51,CROPS,00,YEAR,TONS / ACRE,06,00000000,SAN JOAQUIN VALLEY,,COUNTY,SAN JOAQUIN,077,CA
29,2020,FIELD CROPS,UNITED STATES,ALL CLASSES,TOTAL,SILAGE,9000,00,NOT SPECIFIED,,"CALIFORNIA, SAN JOAQUIN VALLEY, SAN JOAQUIN",YIELD,06,,SURVEY,ALL PRODUCTION PRACTICES,,077,2.7,2022-02-24 15:00:14.000,CALIFORNIA,,CORN,ANNUAL,00000000,06,TONS / ACRE,00,51,CROPS,YEAR,"CORN, SILAGE - YIELD, MEASURED IN TONS / ACRE",SAN JOAQUIN VALLEY,,COUNTY,CA,077,SAN JOAQUIN
SURVEY,06,,YIELD,"CALIFORNIA, SAN JOAQUIN VALLEY, SAN JOAQUIN",,NOT SPECIFIED,00,9000,,077,,ALL PRODUCTION PRACTICES,ALL CLASSES,UNITED STATES,FIELD CROPS,2019,26.5,SILAGE,TOTAL,,SAN JOAQUIN VALLEY,SAN JOAQUIN,077,CA,COUNTY,CORN,,2021-02-25 15:10:17.000,CALIFORNIA,"CORN, SILAGE - YIELD, MEASURED IN TONS / ACRE",00,CROPS,51,YEAR,06,TONS / ACRE,00000000,ANNUAL
2019-03-21 15:00:18.000,CALIFORNIA,CORN,,ANNUAL,TONS / ACRE,06,00000000,"CORN, SILAGE - YIELD, MEASURED IN TONS / ACRE",YEAR,51,00,CROPS,SAN JOAQUIN VALLEY,,COUNTY,SAN JOAQUIN,077,CA,2018,29,FIELD CROPS,UNITED STATES,ALL CLASSES,TOTAL,SILAGE,00,9000,NOT SPECIFIED,"CALIFORNIA, SAN JOAQUIN VALLEY, SAN JOAQUIN",YIELD,,SURVEY,,06,ALL PRODUCTION PRACTICES,077,,
SAN JOAQUIN VALLEY,,COUNTY,CA,077,SAN JOAQUIN,2018-02-22 15:08:35.000,CALIFORNIA,,CORN,ANNUAL,00000000,06,TONS / ACRE,CROPS,51,00,YEAR,"CORN, SILAGE - YIELD, MEASURED IN TONS / ACRE",9000,00,NOT SPECIFIED,,YIELD,"CALIFORNIA, SAN JOAQUIN VALLEY, SAN JOAQUIN",,06,SURVEY,ALL PRODUCTION PRACTICES,,077,,28,2017,FIELD CROPS,UNITED STATES,ALL CLASSES,TOTAL,SILAGE
TOTAL,SILAGE,28.5,2016,FIELD CROPS,UNITED STATES,ALL CLASSES,ALL PRODUCTION PRACTICES,,077,,9000,00,NOT SPECIFIED,,"CALIFORNIA, SAN JOAQUIN VALLEY, SAN JOAQUIN",YIELD,06,,SURVEY,ANNUAL,00000000,TONS / ACRE,06,51,CROPS,00,YEAR,"CORN, SILAGE - YIELD, MEASURED IN TONS / ACRE",CALIFORNIA,2017-02-23 15:00:08.000,,CORN,COUNTY,CA,077,SAN JOAQUIN,SAN JOAQUIN VALLEY,
00,9000,NOT SPECIFIED,"CALIFORNIA, SAN JOAQUIN VALLEY, SAN JOAQUIN",YIELD,,SURVEY,06,,ALL PRODUCTION PRACTICES,077,,,2015,26,FIELD CROPS,UNITED STATES,ALL CLASSES,TOTAL,SILAGE,SAN JOAQUIN VALLEY,,COUNTY,SAN JOAQUIN,CA,077,CALIFORNIA,2017-02-23 15:00:08.000,CORN,,ANNUAL,TONS / ACRE,06,00000000,"CORN, SILAGE - YIELD, MEASURED IN TONS / ACRE",00,CROPS,51,YEAR
26.5,2014,FIELD CROPS,UNITED STATES,ALL CLASSES,TOTAL,SILAGE,9000,00,NOT SPECIFIED,,"CALIFORNIA, SAN JOAQUIN VALLEY, SAN JOAQUIN",YIELD,06,,SURVEY,ALL PRODUCTION PRACTICES,,077,,2015-02-19 15:38:52.000,CALIFORNIA,,CORN,ANNUAL,00000000,TONS / ACRE,06,00,CROPS,51,YEAR,"CORN, SILAGE - YIELD, MEASURED IN TONS / ACRE",SAN JOAQUIN VALLEY,,COUNTY,077,CA,SAN JOAQUIN
COUNTY,SAN JOAQUIN,CA,077,SAN JOAQUIN VALLEY,,ANNUAL,06,TONS / ACRE,00000000,"CORN, SILAGE - YIELD, MEASURED IN TONS / ACRE",51,00,CROPS,YEAR,2019-10-01 15:11:43.000,CALIFORNIA,CORN,,ALL PRODUCTION PRACTICES,077,,,00,9000,NOT SPECIFIED,YIELD,"CALIFORNIA, SAN JOAQUIN VALLEY, SAN JOAQUIN",,SURVEY,06,,TOTAL,SILAGE,2013,28,FIELD CROPS,UNITED STATES,ALL CLASSES
UNITED STATES,ALL CLASSES,29,2012,FIELD CROPS,SILAGE,TOTAL,,"CALIFORNIA, SAN JOAQUIN VALLEY, SAN JOAQUIN",YIELD,06,,SURVEY,9000,00,NOT SPECIFIED,,ALL PRODUCTION PRACTICES,,077,2015-06-03 15:08:31.000,CALIFORNIA,,CORN,00000000,06,TONS / ACRE,51,CROPS,YEAR,00,"CORN, SILAGE - YIELD, MEASURED IN TONS / ACRE",ANNUAL,,SAN JOAQUIN VALLEY,077,CA,SAN JOAQUIN,COUNTY
SILAGE,TOTAL,UNITED STATES,ALL CLASSES,28,2011,FIELD CROPS,,ALL PRODUCTION PRACTICES,,077,,"CALIFORNIA, SAN JOAQUIN VALLEY, SAN JOAQUIN",YIELD,06,,SURVEY,9000,00,NOT SPECIFIED,00000000,TONS / ACRE,06,CROPS,51,00,YEAR,"CORN, SILAGE - YIELD, MEASURED IN TONS / ACRE",ANNUAL,2015-06-03 15:08:31.000,CALIFORNIA,,CORN,CA,077,SAN JOAQUIN,COUNTY,,SAN JOAQUIN VALLEY
SILAGE,TOTAL,UNITED STATES,ALL CLASSES,28.5,2010,FIELD CROPS,,ALL PRODUCTION PRACTICES,,077,,YIELD,"CALIFORNIA, SAN JOAQUIN VALLEY, SAN JOAQUIN",,06,SURVEY,9000,00,NOT SPECIFIED,00000000,06,TONS / ACRE,00,51,CROPS,YEAR,"CORN, SILAGE - YIELD, MEASURED IN TONS / ACRE",ANNUAL,CALIFORNIA,2015-06-03 15:08:31.000,,CORN,CA,077,SAN JOAQUIN,COUNTY,,SAN JOAQUIN VALLEY
ANNUAL,TONS / ACRE,06,00000000,"CORN, SILAGE - YIELD, MEASURED IN TONS / ACRE",51,CROPS,00,YEAR,2023-02-24 15:00:00.000,CALIFORNIA,CORN,,COUNTY,STANISLAUS,CA,099,SAN JOAQUIN VALLEY,,TOTAL,SILAGE,2022,27.5,FIELD CROPS,UNITED STATES,ALL CLASSES,ALL PRODUCTION PRACTICES,099,,05.40,00,9000,NOT SPECIFIED,YIELD,"CALIFORNIA, SAN JOAQUIN VALLEY, STANISLAUS",,SURVEY,06,
TOTAL,SILAGE,FIELD CROPS,2021,30,ALL CLASSES,UNITED STATES,099,,ALL PRODUCTION PRACTICES,02.90,NOT SPECIFIED,00,9000,SURVEY,06,,YIELD,"CALIFORNIA, SAN JOAQUIN VALLEY, STANISLAUS",,ANNUAL,"CORN, SILAGE - YIELD, MEASURED IN TONS / ACRE",51,00,CROPS,YEAR,TONS / ACRE,06,00000000,CORN,,2023-02-24 15:00:00.000,CALIFORNIA,COUNTY,STANISLAUS,099,CA,SAN JOAQUIN VALLEY,
"CORN, SILAGE - YIELD, MEASURED IN TONS / ACRE",CROPS,51,00,YEAR,06,TONS / ACRE,00000000,ANNUAL,CORN,,2022-02-24 15:00:14.000,CALIFORNIA,STANISLAUS,099,CA,COUNTY,,SAN JOAQUIN VALLEY,SILAGE,TOTAL,ALL CLASSES,UNITED STATES,FIELD CROPS,2020,28.5,2.8,099,,ALL PRODUCTION PRACTICES,SURVEY,06,,YIELD,"CALIFORNIA, SAN JOAQUIN VALLEY, STANISLAUS",,NOT SPECIFIED,00,9000
,ALL PRODUCTION PRACTICES,,099,,"CALIFORNIA, SAN JOAQUIN VALLEY, STANISLAUS",YIELD,,06,SURVEY,9000,00,NOT SPECIFIED,SILAGE,TOTAL,UNITED STATES,ALL CLASSES,28.5,2019,FIELD CROPS,099,CA,STANISLAUS,COUNTY,,SAN JOAQUIN VALLEY,00000000,06,TONS / ACRE,51,CROPS,YEAR,00,"CORN, SILAGE - YIELD, MEASURED IN TONS / ACRE",ANNUAL,2021-02-25 15:10:17.000,CALIFORNIA,,CORN
,SAN JOAQUIN VALLEY,099,CA,STANISLAUS,COUNTY,,CORN,CALIFORNIA,2019-03-21 15:00:18.000,00,51,YEAR,CROPS,"CORN, SILAGE - YIELD, MEASURED IN TONS / ACRE",00000000,TONS / ACRE,06,ANNUAL,06,,SURVEY,,"CALIFORNIA, SAN JOAQUIN VALLEY, STANISLAUS",YIELD,NOT SPECIFIED,9000,00,,,099,ALL PRODUCTION PRACTICES,ALL CLASSES,UNITED STATES,FIELD CROPS,28.5,2018,SILAGE,TOTAL
,SAN JOAQUIN VALLEY,STANISLAUS,099,CA,COUNTY,CALIFORNIA,2018-02-22 15:08:35.000,CORN,,06,TONS / ACRE,00000000,"CORN, SILAGE - YIELD, MEASURED IN TONS / ACRE",CROPS,00,YEAR,51,ANNUAL,YIELD,"CALIFORNIA, SAN JOAQUIN VALLEY, STANISLAUS",,SURVEY,,06,00,9000,NOT SPECIFIED,,ALL PRODUCTION PRACTICES,099,,UNITED STATES,ALL CLASSES,2017,28,FIELD CROPS,SILAGE,TOTAL
UNITED STATES,ALL CLASSES,26.5,2016,FIELD CROPS,SILAGE,TOTAL,,YIELD,"CALIFORNIA, SAN JOAQUIN VALLEY, STANISLAUS",,06,SURVEY,9000,00,NOT SPECIFIED,,ALL PRODUCTION PRACTICES,,099,2017-02-23 15:00:08.000,CALIFORNIA,,CORN,00000000,06,TONS / ACRE,CROPS,51,00,YEAR,"CORN, SILAGE - YIELD, MEASURED IN TONS / ACRE",ANNUAL,,SAN JOAQUIN VALLEY,099,CA,STANISLAUS,COUNTY
SILAGE,TOTAL,UNITED STATES,ALL CLASSES,2015,25.5,FIELD CROPS,,ALL PRODUCTION PRACTICES,099,,"CALIFORNIA, SAN JOAQUIN VALLEY, STANISLAUS",YIELD,,SURVEY,06,,00,9000,NOT SPECIFIED,TONS / ACRE,06,00000000,"CORN, SILAGE - YIELD, MEASURED IN TONS / ACRE",YEAR,51,CROPS,00,ANNUAL,2017-02-23 15:00:08.000,CALIFORNIA,CORN,,STANISLAUS,CA,099,COUNTY,,SAN JOAQUIN VALLEY
SILAGE,TOTAL,UNITED STATES,ALL CLASSES,29,2014,FIELD CROPS,,ALL PRODUCTION PRACTICES,,099,,"CALIFORNIA, SAN JOAQUIN VALLEY, STANISLAUS",YIELD,,06,SURVEY,9000,00,NOT SPECIFIED,00000000,06,TONS / ACRE,YEAR,CROPS,51,00,"CORN, SILAGE - YIELD, MEASURED IN TONS / ACRE",ANNUAL,CALIFORNIA,2015-02-19 15:38:52.000,,CORN,099,CA,STANISLAUS,COUNTY,,SAN JOAQUIN VALLEY
STANISLAUS,CA,099,COUNTY,,SAN JOAQUIN VALLEY,TONS / ACRE,06,00000000,"CORN, SILAGE - YIELD, MEASURED IN TONS / ACRE",CROPS,00,51,YEAR,ANNUAL,CALIFORNIA,2019-10-01 15:11:43.000,CORN,,,ALL PRODUCTION PRACTICES,099,,"CALIFORNIA, SAN JOAQUIN VALLEY, STANISLAUS",YIELD,,SURVEY,06,,00,9000,NOT SPECIFIED,SILAGE,TOTAL,UNITED STATES,ALL CLASSES,2013,25,FIELD CROPS
TOTAL,SILAGE,2012,29,FIELD CROPS,UNITED STATES,ALL CLASSES,ALL PRODUCTION PRACTICES,099,,,00,9000,NOT SPECIFIED,YIELD,"CALIFORNIA, SAN JOAQUIN VALLEY, STANISLAUS",,SURVEY,,06,ANNUAL,TONS / ACRE,06,00000000,"CORN, SILAGE - YIELD, MEASURED IN TONS / ACRE",CROPS,51,00,YEAR,2015-06-03 15:08:31.000,CALIFORNIA,CORN,,COUNTY,STANISLAUS,099,CA,SAN JOAQUIN VALLEY,
NOT SPECIFIED,9000,00,,06,SURVEY,,"CALIFORNIA, SAN JOAQUIN VALLEY, STANISLAUS",YIELD,,099,ALL PRODUCTION PRACTICES,,FIELD CROPS,27,2011,ALL CLASSES,UNITED STATES,TOTAL,SILAGE,SAN JOAQUIN VALLEY,,COUNTY,CA,099,STANISLAUS,,CORN,CALIFORNIA,2015-06-03 15:08:31.000,ANNUAL,CROPS,51,YEAR,00,"CORN, SILAGE - YIELD, MEASURED IN TONS / ACRE",00000000,06,TONS / ACRE
SILAGE,TOTAL,UNITED STATES,ALL CLASSES,2010,27.5,FIELD CROPS,,ALL PRODUCTION PRACTICES,099,,"CALIFORNIA, SAN JOAQUIN VALLEY, STANISLAUS",YIELD,,SURVEY,,06,00,9000,NOT SPECIFIED,TONS / ACRE,06,00000000,"CORN, SILAGE - YIELD, MEASURED IN TONS / ACRE",51,00,CROPS,YEAR,ANNUAL,CALIFORNIA,2015-06-03 15:08:31.000,CORN,,STANISLAUS,099,CA,COUNTY,,SAN JOAQUIN VALLEY
,CORN,CALIFORNIA,2023-02-24 15:00:00.000,ANNUAL,51,CROPS,00,YEAR,"CORN, SILAGE - YIELD, MEASURED IN TONS / ACRE",00000000,06,TONS / ACRE,SAN JOAQUIN VALLEY,,COUNTY,107,CA,TULARE,FIELD CROPS,27,2022,ALL CLASSES,UNITED STATES,TOTAL,SILAGE,NOT SPECIFIED,9000,00,06,,SURVEY,,"CALIFORNIA, SAN JOAQUIN VALLEY, TULARE",YIELD,,107,ALL PRODUCTION PRACTICES,03.00
ANNUAL,"CORN, SILAGE - YIELD, MEASURED IN TONS / ACRE",CROPS,51,00,YEAR,TONS / ACRE,06,00000000,CORN,,2023-02-24 15:00:00.000,CALIFORNIA,COUNTY,TULARE,CA,107,SAN JOAQUIN VALLEY,,TOTAL,SILAGE,FIELD CROPS,2021,28.5,ALL CLASSES,UNITED STATES,107,,ALL PRODUCTION PRACTICES,02.80,NOT SPECIFIED,00,9000,SURVEY,06,,YIELD,"CALIFORNIA, SAN JOAQUIN VALLEY, TULARE",
CORN,,2022-02-24 15:00:14.000,CALIFORNIA,"CORN, SILAGE - YIELD, MEASURED IN TONS / ACRE",00,CROPS,51,YEAR,TONS / ACRE,06,00000000,ANNUAL,,SAN JOAQUIN VALLEY,TULARE,107,CA,COUNTY,ALL CLASSES,UNITED STATES,FIELD CROPS,2020,29,SILAGE,TOTAL,SURVEY,,06,YIELD,"CALIFORNIA, SAN JOAQUIN VALLEY, TULARE",,NOT SPECIFIED,00,9000,2.2,107,,ALL PRODUCTION PRACTICES
107,,ALL PRODUCTION PRACTICES,,NOT SPECIFIED,00,9000,SURVEY,06,,YIELD,"CALIFORNIA, SAN JOAQUIN VALLEY, TULARE",,TOTAL,SILAGE,FIELD CROPS,2019,28,ALL CLASSES,UNITED STATES,COUNTY,TULARE,107,CA,SAN JOAQUIN VALLEY,,ANNUAL,"CORN, SILAGE - YIELD, MEASURED IN TONS / ACRE",YEAR,51,CROPS,00,06,TONS / ACRE,00000000,CORN,,2021-02-25 15:10:17.000,CALIFORNIA
TULARE,CA,107,COUNTY,,SAN JOAQUIN VALLEY,06,TONS / ACRE,00000000,"CORN, SILAGE - YIELD, MEASURED IN TONS / ACRE",51,00,YEAR,CROPS,ANNUAL,2019-03-21 15:00:18.000,CALIFORNIA,CORN,,,ALL PRODUCTION PRACTICES,107,,YIELD,"CALIFORNIA, SAN JOAQUIN VALLEY, TULARE",,SURVEY,06,,00,9000,NOT SPECIFIED,SILAGE,TOTAL,UNITED STATES,ALL CLASSES,2018,29,FIELD CROPS
SILAGE,TOTAL,UNITED STATES,ALL CLASSES,27.5,2017,FIELD CROPS,,ALL PRODUCTION PRACTICES,,107,,"CALIFORNIA, SAN JOAQUIN VALLEY, TULARE",YIELD,,06,SURVEY,9000,00,NOT SPECIFIED,00000000,06,TONS / ACRE,51,CROPS,00,YEAR,"CORN, SILAGE - YIELD, MEASURED IN TONS / ACRE",ANNUAL,2018-02-22 15:08:35.000,CALIFORNIA,,CORN,107,CA,TULARE,COUNTY,,SAN JOAQUIN VALLEY
ALL PRODUCTION PRACTICES,,107,,9000,00,NOT SPECIFIED,,"CALIFORNIA, SAN JOAQUIN VALLEY, TULARE",YIELD,,06,SURVEY,TOTAL,SILAGE,26.5,2016,FIELD CROPS,UNITED STATES,ALL CLASSES,COUNTY,CA,107,TULARE,SAN JOAQUIN VALLEY,,ANNUAL,00000000,TONS / ACRE,06,51,YEAR,00,CROPS,"CORN, SILAGE - YIELD, MEASURED IN TONS / ACRE",CALIFORNIA,2017-02-23 15:00:08.000,,CORN
TOTAL,SILAGE,2015,25,FIELD CROPS,UNITED STATES,ALL CLASSES,ALL PRODUCTION PRACTICES,107,,,00,9000,NOT SPECIFIED,YIELD,"CALIFORNIA, SAN JOAQUIN VALLEY, TULARE",,SURVEY,06,,ANNUAL,TONS / ACRE,06,00000000,"CORN, SILAGE - YIELD, MEASURED IN TONS / ACRE",51,00,CROPS,YEAR,CALIFORNIA,2017-02-23 15:00:08.000,CORN,,COUNTY,TULARE,CA,107,SAN JOAQUIN VALLEY,
SILAGE,TOTAL,ALL CLASSES,UNITED STATES,FIELD CROPS,26,2014,,,107,ALL PRODUCTION PRACTICES,,06,SURVEY,,"CALIFORNIA, SAN JOAQUIN VALLEY, TULARE",YIELD,NOT SPECIFIED,9000,00,CROPS,51,00,YEAR,"CORN, SILAGE - YIELD, MEASURED IN TONS / ACRE",00000000,06,TONS / ACRE,ANNUAL,,CORN,CALIFORNIA,2015-02-19 15:38:52.000,107,CA,TULARE,COUNTY,,SAN JOAQUIN VALLEY
SAN JOAQUIN VALLEY,,COUNTY,TULARE,CA,107,2019-10-01 15:11:43.000,CALIFORNIA,CORN,,ANNUAL,TONS / ACRE,06,00000000,"CORN, SILAGE - YIELD, MEASURED IN TONS / ACRE",CROPS,00,51,YEAR,00,9000,NOT SPECIFIED,"CALIFORNIA, SAN JOAQUIN VALLEY, TULARE",YIELD,,SURVEY,06,,ALL PRODUCTION PRACTICES,107,,,2013,28.5,FIELD CROPS,UNITED STATES,ALL CLASSES,TOTAL,SILAGE
2015-06-03 15:08:31.000,CALIFORNIA,CORN,,06,TONS / ACRE,00000000,"CORN, SILAGE - YIELD, MEASURED IN TONS / ACRE",CROPS,51,00,YEAR,ANNUAL,,SAN JOAQUIN VALLEY,TULARE,CA,107,COUNTY,UNITED STATES,ALL CLASSES,2012,26,FIELD CROPS,SILAGE,TOTAL,YIELD,"CALIFORNIA, SAN JOAQUIN VALLEY, TULARE",,SURVEY,06,,00,9000,NOT SPECIFIED,,ALL PRODUCTION PRACTICES,107,
TULARE,CA,107,COUNTY,,SAN JOAQUIN VALLEY,TONS / ACRE,06,00000000,"CORN, SILAGE - YIELD, MEASURED IN TONS / ACRE",YEAR,CROPS,51,00,ANNUAL,2015-06-03 15:08:31.000,CALIFORNIA,CORN,,,ALL PRODUCTION PRACTICES,107,,YIELD,"CALIFORNIA, SAN JOAQUIN VALLEY, TULARE",,SURVEY,06,,00,9000,NOT SPECIFIED,SILAGE,TOTAL,UNITED STATES,ALL CLASSES,2011,26.5,FIELD CROPS
"CORN, SILAGE - YIELD, MEASURED IN TONS / ACRE",CROPS,51,YEAR,00,06,TONS / ACRE,00000000,ANNUAL,CORN,,2015-06-03 15:08:31.000,CALIFORNIA,TULARE,107,CA,COUNTY,,SAN JOAQUIN VALLEY,SILAGE,TOTAL,ALL CLASSES,UNITED STATES,FIELD CROPS,2010,27.5,,107,,ALL PRODUCTION PRACTICES,SURVEY,06,,YIELD,"CALIFORNIA, SAN JOAQUIN VALLEY, TULARE",,NOT SPECIFIED,00,9000
SOUTHERN CALIFORNIA,,COUNTY,CA,,OTHER (COMBINED) COUNTIES,CALIFORNIA,2019-03-21 15:00:18.000,,CORN,ANNUAL,00000000,TONS / ACRE,06,00,80,YEAR,CROPS,"CORN, SILAGE - YIELD, MEASURED IN TONS / ACRE",9000,00,NOT SPECIFIED,,"CALIFORNIA, SOUTHERN CALIFORNIA, OTHER (COMBINED) COUNTIES",YIELD,,06,SURVEY,ALL PRODUCTION PRACTICES,,998,,25.5,2018,FIELD CROPS,UNITED STATES,ALL CLASSES,TOTAL,SILAGE
COUNTY,,CA,OTHER (COMBINED) COUNTIES,SOUTHERN CALIFORNIA,,ANNUAL,00000000,TONS / ACRE,06,80,CROPS,YEAR,00,"CORN, SILAGE - YIELD, MEASURED IN TONS / ACRE",CALIFORNIA,2017-02-23 15:00:08.000,,CORN,ALL PRODUCTION PRACTICES,,998,,9000,00,NOT SPECIFIED,,YIELD,"CALIFORNIA, SOUTHERN CALIFORNIA, OTHER (COMBINED) COUNTIES",06,,SURVEY,TOTAL,SILAGE,28,2016,FIELD CROPS,UNITED STATES,ALL CLASSES
9000,00,NOT SPECIFIED,,"CALIFORNIA, SOUTHERN CALIFORNIA, OTHER (COMBINED) COUNTIES",YIELD,06,,SURVEY,ALL PRODUCTION PRACTICES,,998,,26.5,2015,FIELD CROPS,UNITED STATES,ALL CLASSES,TOTAL,SILAGE,SOUTHERN CALIFORNIA,,COUNTY,,CA,OTHER (COMBINED) COUNTIES,CALIFORNIA,2017-02-23 15:00:08.000,,CORN,ANNUAL,00000000,TONS / ACRE,06,CROPS,YEAR,80,00,"CORN, SILAGE - YIELD, MEASURED IN TONS / ACRE"
UNITED STATES,ALL CLASSES,2013,23,FIELD CROPS,SILAGE,TOTAL,"CALIFORNIA, SOUTHERN CALIFORNIA, OTHER (COMBINED) COUNTIES",YIELD,,SURVEY,06,,00,9000,NOT SPECIFIED,,ALL PRODUCTION PRACTICES,998,,CALIFORNIA,2019-10-01 15:11:43.000,CORN,,06,TONS / ACRE,00000000,"CORN, SILAGE - YIELD, MEASURED IN TONS / ACRE",80,CROPS,00,YEAR,ANNUAL,,SOUTHERN CALIFORNIA,OTHER (COMBINED) COUNTIES,CA,,COUNTY
YIELD,"CALIFORNIA, SOUTHERN CALIFORNIA, OTHER (COMBINED) COUNTIES",,SURVEY,,06,00,9000,NOT SPECIFIED,,ALL PRODUCTION PRACTICES,998,,UNITED STATES,ALL CLASSES,2012,20,FIELD CROPS,SILAGE,TOTAL,,SOUTHERN CALIFORNIA,OTHER (COMBINED) COUNTIES,,CA,COUNTY,2015-06-03 15:08:31.000,CALIFORNIA,CORN,,06,TONS / ACRE,00000000,"CORN, SILAGE - YIELD, MEASURED IN TONS / ACRE",80,00,CROPS,YEAR,ANNUAL
,YIELD,"CALIFORNIA, SOUTHERN CALIFORNIA, OTHER (COMBINED) COUNTIES",06,,SURVEY,9000,00,NOT SPECIFIED,,ALL PRODUCTION PRACTICES,,998,UNITED STATES,ALL CLASSES,27,2010,FIELD CROPS,SILAGE,TOTAL,,SOUTHERN CALIFORNIA,CA,,OTHER (COMBINED) COUNTIES,COUNTY,CALIFORNIA,2015-06-03 15:08:31.000,,CORN,00000000,06,TONS / ACRE,80,CROPS,00,YEAR,"CORN, SILAGE - YIELD, MEASURED IN TONS / ACRE",ANNUAL
ALL CLASSES,UNITED STATES,FIELD CROPS,2018,24.5,SILAGE,TOTAL,SURVEY,06,,YIELD,"CALIFORNIA, SOUTHERN CALIFORNIA, RIVERSIDE",,NOT SPECIFIED,00,9000,,065,,ALL PRODUCTION PRACTICES,CORN,,CALIFORNIA,2019-03-21 15:00:18.000,"CORN, SILAGE - YIELD, MEASURED IN TONS / ACRE",YEAR,80,00,CROPS,TONS / ACRE,06,00000000,ANNUAL,,SOUTHERN CALIFORNIA,RIVERSIDE,065,CA,COUNTY
NOT SPECIFIED,9000,00,,06,SURVEY,,"CALIFORNIA, SOUTHERN CALIFORNIA, RIVERSIDE",YIELD,,065,ALL PRODUCTION PRACTICES,,FIELD CROPS,25.5,2013,ALL CLASSES,UNITED STATES,TOTAL,SILAGE,SOUTHERN CALIFORNIA,,COUNTY,CA,065,RIVERSIDE,,CORN,CALIFORNIA,2019-10-01 15:11:43.000,ANNUAL,00,CROPS,YEAR,80,"CORN, SILAGE - YIELD, MEASURED IN TONS / ACRE",00000000,06,TONS / ACRE
,"CALIFORNIA, SOUTHERN CALIFORNIA, RIVERSIDE",YIELD,06,,SURVEY,9000,00,NOT SPECIFIED,,ALL PRODUCTION PRACTICES,,065,UNITED STATES,ALL CLASSES,27.5,2010,FIELD CROPS,SILAGE,TOTAL,,SOUTHERN CALIFORNIA,065,CA,RIVERSIDE,COUNTY,2015-06-03 15:08:31.000,CALIFORNIA,,CORN,00000000,06,TONS / ACRE,80,00,YEAR,CROPS,"CORN, SILAGE - YIELD, MEASURED IN TONS / ACRE",ANNUAL
COUNTY,,CA,OTHER COUNTIES,,,ANNUAL,CROPS,99,YEAR,00,"CORN, SILAGE - YIELD, MEASURED IN TONS / ACRE",00000000,TONS / ACRE,06,,CORN,2023-02-24 15:00:00.000,CALIFORNIA,,998,ALL PRODUCTION PRACTICES,05.10,NOT SPECIFIED,9000,00,06,,SURVEY,,YIELD,"CALIFORNIA, OTHER COUNTIES",TOTAL,SILAGE,FIELD CROPS,23.5,2022,ALL CLASSES,UNITED STATES
SURVEY,06,,YIELD,"CALIFORNIA, OTHER COUNTIES",,NOT SPECIFIED,00,9000,04.70,998,,ALL PRODUCTION PRACTICES,ALL CLASSES,UNITED STATES,FIELD CROPS,2021,26.5,SILAGE,TOTAL,,,OTHER COUNTIES,CA,,COUNTY,CORN,,2023-02-24 15:00:00.000,CALIFORNIA,"CORN, SILAGE - YIELD, MEASURED IN TONS / ACRE",99,CROPS,00,YEAR,TONS / ACRE,06,00000000,ANNUAL
ANNUAL,00000000,TONS / ACRE,06,00,CROPS,YEAR,99,"CORN, SILAGE - YIELD, MEASURED IN TONS / ACRE",CALIFORNIA,2022-02-24 15:00:14.000,,CORN,COUNTY,,CA,OTHER COUNTIES,,,TOTAL,SILAGE,24.5,2020,FIELD CROPS,UNITED STATES,ALL CLASSES,ALL PRODUCTION PRACTICES,,998,4.7,9000,00,NOT SPECIFIED,,YIELD,"CALIFORNIA, OTHER COUNTIES",,06,SURVEY
