source_desc,sector_desc,group_desc,commodity_desc,class_desc,prodn_practice_desc,util_practice_desc,statisticcat_desc,unit_desc,short_desc,domain_desc,domaincat_desc,agg_level_desc,state_ansi,state_fips_code,state_alpha,state_name,asd_code,asd_desc,county_ansi,county_code,county_name,region_desc,zip_5,watershed_code,watershed_desc,congr_district_code,country_code,country_name,location_desc,year,freq_desc,begin_code,end_code,reference_period_desc,week_ending,load_time,Value,CV (%)
SURVEY,CROPS,FIELD CROPS,CORN,ALL CLASSES,ALL PRODUCTION PRACTICES,GRAIN,PRODUCTION,BU,"CORN, GRAIN - PRODUCTION, MEASURED IN BU",TOTAL,NOT SPECIFIED,COUNTY,19,19,IA,IOWA,10,NORTHWEST,21.0,21,BUENA VISTA,,,0,,,9000,UNITED STATES,"IOWA, NORTHWEST, BUENA VISTA",2022,ANNUAL,0,0,YEAR,,2023-02-24 15:00:00.000,"31,323,000",2.3
SURVEY,CROPS,FIELD CROPS,CORN,ALL CLASSES,ALL PRODUCTION PRACTICES,GRAIN,PRODUCTION,BU,"CORN, GRAIN - PRODUCTION, MEASURED IN BU",TOTAL,NOT SPECIFIED,COUNTY,19,19,IA,IOWA,10,NORTHWEST,21.0,21,BUENA VISTA,,,0,,,9000,UNITED STATES,"IOWA, NORTHWEST, BUENA VISTA",2021,ANNUAL,0,0,YEAR,,2023-02-24 15:00:00.000,"32,053,000",1.9
SURVEY,CROPS,FIELD CROPS,CORN,ALL CLASSES,ALL PRODUCTION PRACTICES,GRAIN,PRODUCTION,BU,"CORN, GRAIN - PRODUCTION, MEASURED IN BU",TOTAL,NOT SPECIFIED,COUNTY,19,19,IA,IOWA,10,NORTHWEST,35.0,35,CHEROKEE,,,0,,,9000,UNITED STATES,"IOWA, NORTHWEST, CHEROKEE",2022,ANNUAL,0,0,YEAR,,2023-02-24 15:00:00.000,"26,997,000",2.6
SURVEY,CROPS,FIELD CROPS,CORN,ALL CLASSES,ALL PRODUCTION PRACTICES,GRAIN,PRODUCTION,BU,"CORN, GRAIN - PRODUCTION, MEASURED IN BU",TOTAL,NOT SPECIFIED,COUNTY,19,19,IA,IOWA,10,NORTHWEST,41.0,41,CLAY,,,0,,,9000,UNITED STATES,"IOWA, NORTHWEST, CLAY",2022,ANNUAL,0,0,YEAR,,2023-02-24 15:00:00.000,"26,446,000",2.0
SURVEY,CROPS,FIELD CROPS,CORN,ALL CLASSES,ALL PRODUCTION PRACTICES,GRAIN,PRODUCTION,BU,"CORN, GRAIN - PRODUCTION, MEASURED IN BU",TOTAL,NOT SPECIFIED,COUNTY,19,19,IA,IOWA,10,NORTHWEST,41.0,41,CLAY,,,0,,,9000,UNITED STATES,"IOWA, NORTHWEST, CLAY",2021,ANNUAL,0,0,YEAR,,2023-02-24 15:00:00.000,"28,035,000",2.1
SURVEY,CROPS,FIELD CROPS,CORN,ALL CLASSES,ALL PRODUCTION PRACTICES,GRAIN,PRODUCTION,BU,"CORN, GRAIN - PRODUCTION, MEASURED IN BU",TOTAL,NOT SPECIFIED,COUNTY,19,19,IA,IOWA,10,NORTHWEST,59.0,59,DICKINSON,,,0,,,9000,UNITED STATES,"IOWA, NORTHWEST, DICKINSON",2022,ANNUAL,0,0,YEAR,,2023-02-24 15:00:00.000,"18,753,000",3.4
SURVEY,CROPS,FIELD CROPS,CORN,ALL CLASSES,ALL PRODUCTION PRACTICES,GRAIN,PRODUCTION,BU,"CORN, GRAIN - PRODUCTION, MEASURED IN BU",TOTAL,NOT SPECIFIED,COUNTY,19,19,IA,IOWA,10,NORTHWEST,59.0,59,DICKINSON,,,0,,,9000,UNITED STATES,"IOWA, NORTHWEST, DICKINSON",2021,ANNUAL,0,0,YEAR,,2023-02-24 15:00:00.000,"15,975,000",2.6
SURVEY,CROPS,FIELD CROPS,CORN,ALL CLASSES,ALL PRODUCTION PRACTICES,GRAIN,PRODUCTION,BU,"CORN, GRAIN - PRODUCTION, MEASURED IN BU",TOTAL,NOT SPECIFIED,COUNTY,19,19,IA,IOWA,10,NORTHWEST,63.0,63,EMMET,,,0,,,9000,UNITED STATES,"IOWA, NORTHWEST, EMMET",2022,ANNUAL,0,0,YEAR,,2023-02-24 15:00:00.000,"23,336,000",1.4
SURVEY,CROPS,FIELD CROPS,CORN,ALL CLASSES,ALL PRODUCTION PRACTICES,GRAIN,PRODUCTION,BU,"CORN, GRAIN - PRODUCTION, MEASURED IN BU",TOTAL,NOT SPECIFIED,COUNTY,19,19,IA,IOWA,10,NORTHWEST,63.0,63,EMMET,,,0,,,9000,UNITED STATES,"IOWA, NORTHWEST, EMMET",2021,ANNUAL,0,0,YEAR,,2023-02-24 15:00:00.000,"19,692,000",1.7
SURVEY,CROPS,FIELD CROPS,CORN,ALL CLASSES,ALL PRODUCTION PRACTICES,GRAIN,PRODUCTION,BU,"CORN, GRAIN - PRODUCTION, MEASURED IN BU",TOTAL,NOT SPECIFIED,COUNTY,19,19,IA,IOWA,10,NORTHWEST,119.0,119,LYON,,,0,,,9000,UNITED STATES,"IOWA, NORTHWEST, LYON",2022,ANNUAL,0,0,YEAR,,2023-02-24 15:00:00.000,"28,849,000",2.5
SURVEY,CROPS,FIELD CROPS,CORN,ALL CLASSES,ALL PRODUCTION PRACTICES,GRAIN,PRODUCTION,BU,"CORN, GRAIN - PRODUCTION, MEASURED IN BU",TOTAL,NOT SPECIFIED,COUNTY,19,19,IA,IOWA,10,NORTHWEST,119.0,119,LYON,,,0,,,9000,UNITED STATES,"IOWA, NORTHWEST, LYON",2021,ANNUAL,0,0,YEAR,,2023-02-24 15:00:00.000,"35,430,000",2.0
SURVEY,CROPS,FIELD CROPS,CORN,ALL CLASSES,ALL PRODUCTION PRACTICES,GRAIN,PRODUCTION,BU,"CORN, GRAIN - PRODUCTION, MEASURED IN BU",TOTAL,NOT SPECIFIED,COUNTY,19,19,IA,IOWA,10,NORTHWEST,141.0,141,O BRIEN,,,0,,,9000,UNITED STATES,"IOWA, NORTHWEST, O BRIEN",2022,ANNUAL,0,0,YEAR,,2023-02-24 15:00:00.000,"30,462,000",2.1
SURVEY,CROPS,FIELD CROPS,CORN,ALL CLASSES,ALL PRODUCTION PRACTICES,GRAIN,PRODUCTION,BU,"CORN, GRAIN - PRODUCTION, MEASURED IN BU",TOTAL,NOT SPECIFIED,COUNTY,19,19,IA,IOWA,10,NORTHWEST,141.0,141,O BRIEN,,,0,,,9000,UNITED STATES,"IOWA, NORTHWEST, O BRIEN",2021,ANNUAL,0,0,YEAR,,2023-02-24 15:00:00.000,"34,502,000",1.9
SURVEY,CROPS,FIELD CROPS,CORN,ALL CLASSES,ALL PRODUCTION PRACTICES,GRAIN,PRODUCTION,BU,"CORN, GRAIN - PRODUCTION, MEASURED IN BU",TOTAL,NOT SPECIFIED,COUNTY,19,19,IA,IOWA,10,NORTHWEST,143.0,143,OSCEOLA,,,0,,,9000,UNITED STATES,"IOWA, NORTHWEST, OSCEOLA",2022,ANNUAL,0,0,YEAR,,2023-02-24 15:00:00.000,"21,894,000",1.9
SURVEY,CROPS,FIELD CROPS,CORN,ALL CLASSES,ALL PRODUCTION PRACTICES,GRAIN,PRODUCTION,BU,"CORN, GRAIN - PRODUCTION, MEASURED IN BU",TOTAL,NOT SPECIFIED,COUNTY,19,19,IA,IOWA,10,NORTHWEST,143.0,143,OSCEOLA,,,0,,,9000,UNITED STATES,"IOWA, NORTHWEST, OSCEOLA",2021,ANNUAL,0,0,YEAR,,2023-02-24 15:00:00.000,"23,691,000",1.6
SURVEY,CROPS,FIELD CROPS,CORN,ALL CLASSES,ALL PRODUCTION PRACTICES,GRAIN,PRODUCTION,BU,"CORN, GRAIN - PRODUCTION, MEASURED IN BU",TOTAL,NOT SPECIFIED,COUNTY,19,19,IA,IOWA,10,NORTHWEST,147.0,147,PALO ALTO,,,0,,,9000,UNITED STATES,"IOWA, NORTHWEST, PALO ALTO",2022,ANNUAL,0,0,YEAR,,2023-02-24 15:00:00.000,"31,893,000",3.6
SURVEY,CROPS,FIELD CROPS,CORN,ALL CLASSES,ALL PRODUCTION PRACTICES,GRAIN,PRODUCTION,BU,"CORN, GRAIN - PRODUCTION, MEASURED IN BU",TOTAL,NOT SPECIFIED,COUNTY,19,19,IA,IOWA,10,NORTHWEST,147.0,147,PALO ALTO,,,0,,,9000,UNITED STATES,"IOWA, NORTHWEST, PALO ALTO",2021,ANNUAL,0,0,YEAR,,2023-02-24 15:00:00.000,"29,104,000",2.4
SURVEY,CROPS,FIELD CROPS,CORN,ALL CLASSES,ALL PRODUCTION PRACTICES,GRAIN,PRODUCTION,BU,"CORN, GRAIN - PRODUCTION, MEASURED IN BU",TOTAL,NOT SPECIFIED,COUNTY,19,19,IA,IOWA,10,NORTHWEST,149.0,149,PLYMOUTH,,,0,,,9000,UNITED STATES,"IOWA, NORTHWEST, PLYMOUTH",2022,ANNUAL,0,0,YEAR,,2023-02-24 15:00:00.000,"35,477,000",4.5
SURVEY,CROPS,FIELD CROPS,CORN,ALL CLASSES,ALL PRODUCTION PRACTICES,GRAIN,PRODUCTION,BU,"CORN, GRAIN - PRODUCTION, MEASURED IN BU",TOTAL,NOT SPECIFIED,COUNTY,19,19,IA,IOWA,10,NORTHWEST,149.0,149,PLYMOUTH,,,0,,,9000,UNITED STATES,"IOWA, NORTHWEST, PLYMOUTH",2021,ANNUAL,0,0,YEAR,,2023-02-24 15:00:00.000,"41,903,000",3.5
SURVEY,CROPS,FIELD CROPS,CORN,ALL CLASSES,ALL PRODUCTION PRACTICES,GRAIN,PRODUCTION,BU,"CORN, GRAIN - PRODUCTION, MEASURED IN BU",TOTAL,NOT SPECIFIED,COUNTY,19,19,IA,IOWA,10,NORTHWEST,151.0,151,POCAHONTAS,,,0,,,9000,UNITED STATES,"IOWA, NORTHWEST, POCAHONTAS",2022,ANNUAL,0,0,YEAR,,2023-02-24 15:00:00.000,"34,227,000",1.4
SURVEY,CROPS,FIELD CROPS,CORN,ALL CLASSES,ALL PRODUCTION PRACTICES,GRAIN,PRODUCTION,BU,"CORN, GRAIN - PRODUCTION, MEASURED IN BU",TOTAL,NOT SPECIFIED,COUNTY,19,19,IA,IOWA,10,NORTHWEST,151.0,151,POCAHONTAS,,,0,,,9000,UNITED STATES,"IOWA, NORTHWEST, POCAHONTAS",2021,ANNUAL,0,0,YEAR,,2023-02-24 15:00:00.000,"36,834,000",1.4
SURVEY,CROPS,FIELD CROPS,CORN,ALL CLASSES,ALL PRODUCTION PRACTICES,GRAIN,PRODUCTION,BU,"CORN, GRAIN - PRODUCTION, MEASURED IN BU",TOTAL,NOT SPECIFIED,COUNTY,19,19,IA,IOWA,10,NORTHWEST,167.0,167,SIOUX,,,0,,,9000,UNITED STATES,"IOWA, NORTHWEST, SIOUX",2022,ANNUAL,0,0,YEAR,,2023-02-24 15:00:00.000,"31,012,000",2.0
SURVEY,CROPS,FIELD CROPS,CORN,ALL CLASSES,ALL PRODUCTION PRACTICES,GRAIN,PRODUCTION,BU,"CORN, GRAIN - PRODUCTION, MEASURED IN BU",TOTAL,NOT SPECIFIED,COUNTY,19,19,IA,IOWA,10,NORTHWEST,167.0,167,SIOUX,,,0,,,9000,UNITED STATES,"IOWA, NORTHWEST, SIOUX",2021,ANNUAL,0,0,YEAR,,2023-02-24 15:00:00.000,"46,657,000",2.1
SURVEY,CROPS,FIELD CROPS,CORN,ALL CLASSES,ALL PRODUCTION PRACTICES,GRAIN,PRODUCTION,BU,"CORN, GRAIN - PRODUCTION, MEASURED IN BU",TOTAL,NOT SPECIFIED,COUNTY,19,19,IA,IOWA,20,NORTH CENTRAL,23.0,23,BUTLER,,,0,,,9000,UNITED STATES,"IOWA, NORTH CENTRAL, BUTLER",2022,ANNUAL,0,0,YEAR,,2023-02-24 15:00:00.000,"33,517,000",1.6
SURVEY,CROPS,FIELD CROPS,CORN,ALL CLASSES,ALL PRODUCTION PRACTICES,GRAIN,PRODUCTION,BU,"CORN, GRAIN - PRODUCTION, MEASURED IN BU",TOTAL,NOT SPECIFIED,COUNTY,19,19,IA,IOWA,20,NORTH CENTRAL,23.0,23,BUTLER,,,0,,,9000,UNITED STATES,"IOWA, NORTH CENTRAL, BUTLER",2021,ANNUAL,0,0,YEAR,,2023-02-24 15:00:00.000,"32,802,000",3.1
SURVEY,CROPS,FIELD CROPS,CORN,ALL CLASSES,ALL PRODUCTION PRACTICES,GRAIN,PRODUCTION,BU,"CORN, GRAIN - PRODUCTION, MEASURED IN BU",TOTAL,NOT SPECIFIED,COUNTY,19,19,IA,IOWA,20,NORTH CENTRAL,33.0,33,CERRO GORDO,,,0,,,9000,UNITED STATES,"IOWA, NORTH CENTRAL, CERRO GORDO",2022,ANNUAL,0,0,YEAR,,2023-02-24 15:00:00.000,"34,834,000",2.1
SURVEY,CROPS,FIELD CROPS,CORN,ALL CLASSES,ALL PRODUCTION PRACTICES,GRAIN,PRODUCTION,BU,"CORN, GRAIN - PRODUCTION, MEASURED IN BU",TOTAL,NOT SPECIFIED,COUNTY,19,19,IA,IOWA,20,NORTH CENTRAL,33.0,33,CERRO GORDO,,,0,,,9000,UNITED STATES,"IOWA, NORTH CENTRAL, CERRO GORDO",2021,ANNUAL,0,0,YEAR,,2023-02-24 15:00:00.000,"31,700,000",3.1
SURVEY,CROPS,FIELD CROPS,CORN,ALL CLASSES,ALL PRODUCTION PRACTICES,GRAIN,PRODUCTION,BU,"CORN, GRAIN - PRODUCTION, MEASURED IN BU",TOTAL,NOT SPECIFIED,COUNTY,19,19,IA,IOWA,20,NORTH CENTRAL,67.0,67,FLOYD,,,0,,,9000,UNITED STATES,"IOWA, NORTH CENTRAL, FLOYD",2022,ANNUAL,0,0,YEAR,,2023-02-24 15:00:00.000,"28,153,000",2.6
SURVEY,CROPS,FIELD CROPS,CORN,ALL CLASSES,ALL PRODUCTION PRACTICES,GRAIN,PRODUCTION,BU,"CORN, GRAIN - PRODUCTION, MEASURED IN BU",TOTAL,NOT SPECIFIED,COUNTY,19,19,IA,IOWA,20,NORTH CENTRAL,67.0,67,FLOYD,,,0,,,9000,UNITED STATES,"IOWA, NORTH CENTRAL, FLOYD",2021,ANNUAL,0,0,YEAR,,2023-02-24 15:00:00.000,"28,207,000",1.7
SURVEY,CROPS,FIELD CROPS,CORN,ALL CLASSES,ALL PRODUCTION PRACTICES,GRAIN,PRODUCTION,BU,"CORN, GRAIN - PRODUCTION, MEASURED IN BU",TOTAL,NOT SPECIFIED,COUNTY,19,19,IA,IOWA,20,NORTH CENTRAL,69.0,69,FRANKLIN,,,0,,,9000,UNITED STATES,"IOWA, NORTH CENTRAL, FRANKLIN",2022,ANNUAL,0,0,YEAR,,2023-02-24 15:00:00.000,"41,049,000",2.5
SURVEY,CROPS,FIELD CROPS,CORN,ALL CLASSES,ALL PRODUCTION PRACTICES,GRAIN,PRODUCTION,BU,"CORN, GRAIN - PRODUCTION, MEASURED IN BU",TOTAL,NOT SPECIFIED,COUNTY,19,19,IA,IOWA,20,NORTH CENTRAL,69.0,69,FRANKLIN,,,0,,,9000,UNITED STATES,"IOWA, NORTH CENTRAL, FRANKLIN",2021,ANNUAL,0,0,YEAR,,2023-02-24 15:00:00.000,"37,294,000",2.0
SURVEY,CROPS,FIELD CROPS,CORN,ALL CLASSES,ALL PRODUCTION PRACTICES,GRAIN,PRODUCTION,BU,"CORN, GRAIN - PRODUCTION, MEASURED IN BU",TOTAL,NOT SPECIFIED,COUNTY,19,19,IA,IOWA,20,NORTH CENTRAL,81.0,81,HANCOCK,,,0,,,9000,UNITED STATES,"IOWA, NORTH CENTRAL, HANCOCK",2022,ANNUAL,0,0,YEAR,,2023-02-24 15:00:00.000,"35,680,000",2.8
SURVEY,CROPS,FIELD CROPS,CORN,ALL CLASSES,ALL PRODUCTION PRACTICES,GRAIN,PRODUCTION,BU,"CORN, GRAIN - PRODUCTION, MEASURED IN BU",TOTAL,NOT SPECIFIED,COUNTY,19,19,IA,IOWA,20,NORTH CENTRAL,81.0,81,HANCOCK,,,0,,,9000,UNITED STATES,"IOWA, NORTH CENTRAL, HANCOCK",2021,ANNUAL,0,0,YEAR,,2023-02-24 15:00:00.000,"38,247,000",1.5
SURVEY,CROPS,FIELD CROPS,CORN,ALL CLASSES,ALL PRODUCTION PRACTICES,GRAIN,PRODUCTION,BU,"CORN, GRAIN - PRODUCTION, MEASURED IN BU",TOTAL,NOT SPECIFIED,COUNTY,19,19,IA,IOWA,20,NORTH CENTRAL,91.0,91,HUMBOLDT,,,0,,,9000,UNITED STATES,"IOWA, NORTH CENTRAL, HUMBOLDT",2022,ANNUAL,0,0,YEAR,,2023-02-24 15:00:00.000,"24,750,000",2.8
SURVEY,CROPS,FIELD CROPS,CORN,ALL CLASSES,ALL PRODUCTION PRACTICES,GRAIN,PRODUCTION,BU,"CORN, GRAIN - PRODUCTION, MEASURED IN BU",TOTAL,NOT SPECIFIED,COUNTY,19,19,IA,IOWA,20,NORTH CENTRAL,91.0,91,HUMBOLDT,,,0,,,9000,UNITED STATES,"IOWA, NORTH CENTRAL, HUMBOLDT",2021,ANNUAL,0,0,YEAR,,2023-02-24 15:00:00.000,"25,901,000",2.0
SURVEY,CROPS,FIELD CROPS,CORN,ALL CLASSES,ALL PRODUCTION PRACTICES,GRAIN,PRODUCTION,BU,"CORN, GRAIN - PRODUCTION, MEASURED IN BU",TOTAL,NOT SPECIFIED,COUNTY,19,19,IA,IOWA,20,NORTH CENTRAL,109.0,109,KOSSUTH,,,0,,,9000,UNITED STATES,"IOWA, NORTH CENTRAL, KOSSUTH",2022,ANNUAL,0,0,YEAR,,2023-02-24 15:00:00.000,"57,104,000",4.0
SURVEY,CROPS,FIELD CROPS,CORN,ALL CLASSES,ALL PRODUCTION PRACTICES,GRAIN,PRODUCTION,BU,"CORN, GRAIN - PRODUCTION, MEASURED IN BU",TOTAL,NOT SPECIFIED,COUNTY,19,19,IA,IOWA,20,NORTH CENTRAL,109.0,109,KOSSUTH,,,0,,,9000,UNITED STATES,"IOWA, NORTH CENTRAL, KOSSUTH",2021,ANNUAL,0,0,YEAR,,2023-02-24 15:00:00.000,"57,117,000",5.9
SURVEY,CROPS,FIELD CROPS,CORN,ALL CLASSES,ALL PRODUCTION PRACTICES,GRAIN,PRODUCTION,BU,"CORN, GRAIN - PRODUCTION, MEASURED IN BU",TOTAL,NOT SPECIFIED,COUNTY,19,19,IA,IOWA,20,NORTH CENTRAL,131.0,131,MITCHELL,,,0,,,9000,UNITED STATES,"IOWA, NORTH CENTRAL, MITCHELL",2022,ANNUAL,0,0,YEAR,,2023-02-24 15:00:00.000,"30,506,000",1.3
SURVEY,CROPS,FIELD CROPS,CORN,ALL CLASSES,ALL PRODUCTION PRACTICES,GRAIN,PRODUCTION,BU,"CORN, GRAIN - PRODUCTION, MEASURED IN BU",TOTAL,NOT SPECIFIED,COUNTY,19,19,IA,IOWA,20,NORTH CENTRAL,131.0,131,MITCHELL,,,0,,,9000,UNITED STATES,"IOWA, NORTH CENTRAL, MITCHELL",2021,ANNUAL,0,0,YEAR,,2023-02-24 15:00:00.000,"29,174,000",2.6
SURVEY,CROPS,FIELD CROPS,CORN,ALL CLASSES,ALL PRODUCTION PRACTICES,GRAIN,PRODUCTION,BU,"CORN, GRAIN - PRODUCTION, MEASURED IN BU",TOTAL,NOT SPECIFIED,COUNTY,19,19,IA,IOWA,20,NORTH CENTRAL,189.0,189,WINNEBAGO,,,0,,,9000,UNITED STATES,"IOWA, NORTH CENTRAL, WINNEBAGO",2022,ANNUAL,0,0,YEAR,,2023-02-24 15:00:00.000,"24,741,000",1.8
SURVEY,CROPS,FIELD CROPS,CORN,ALL CLASSES,ALL PRODUCTION PRACTICES,GRAIN,PRODUCTION,BU,"CORN, GRAIN - PRODUCTION, MEASURED IN BU",TOTAL,NOT SPECIFIED,COUNTY,19,19,IA,IOWA,20,NORTH CENTRAL,189.0,189,WINNEBAGO,,,0,,,9000,UNITED STATES,"IOWA, NORTH CENTRAL, WINNEBAGO",2021,ANNUAL,0,0,YEAR,,2023-02-24 15:00:00.000,"22,764,000",1.6
SURVEY,CROPS,FIELD CROPS,CORN,ALL CLASSES,ALL PRODUCTION PRACTICES,GRAIN,PRODUCTION,BU,"CORN, GRAIN - PRODUCTION, MEASURED IN BU",TOTAL,NOT SPECIFIED,COUNTY,19,19,IA,IOWA,20,NORTH CENTRAL,195.0,195,WORTH,,,0,,,9000,UNITED STATES,"IOWA, NORTH CENTRAL, WORTH",2022,ANNUAL,0,0,YEAR,,2023-02-24 15:00:00.000,"24,343,000",2.9
SURVEY,CROPS,FIELD CROPS,CORN,ALL CLASSES,ALL PRODUCTION PRACTICES,GRAIN,PRODUCTION,BU,"CORN, GRAIN - PRODUCTION, MEASURED IN BU",TOTAL,NOT SPECIFIED,COUNTY,19,19,IA,IOWA,20,NORTH CENTRAL,195.0,195,WORTH,,,0,,,9000,UNITED STATES,"IOWA, NORTH CENTRAL, WORTH",2021,ANNUAL,0,0,YEAR,,2023-02-24 15:00:00.000,"21,964,000",2.6
SURVEY,CROPS,FIELD CROPS,CORN,ALL CLASSES,ALL PRODUCTION PRACTICES,GRAIN,PRODUCTION,BU,"CORN, GRAIN - PRODUCTION, MEASURED IN BU",TOTAL,NOT SPECIFIED,COUNTY,19,19,IA,IOWA,20,NORTH CENTRAL,197.0,197,WRIGHT,,,0,,,9000,UNITED STATES,"IOWA, NORTH CENTRAL, WRIGHT",2022,ANNUAL,0,0,YEAR,,2023-02-24 15:00:00.000,"36,047,000",1.5
SURVEY,CROPS,FIELD CROPS,CORN,ALL CLASSES,ALL PRODUCTION PRACTICES,GRAIN,PRODUCTION,BU,"CORN, GRAIN - PRODUCTION, MEASURED IN BU",TOTAL,NOT SPECIFIED,COUNTY,19,19,IA,IOWA,20,NORTH CENTRAL,197.0,197,WRIGHT,,,0,,,9000,UNITED STATES,"IOWA, NORTH CENTRAL, WRIGHT",2021,ANNUAL,0,0,YEAR,,2023-02-24 15:00:00.000,"32,501,000",2.3
SURVEY,CROPS,FIELD CROPS,CORN,ALL CLASSES,ALL PRODUCTION PRACTICES,GRAIN,PRODUCTION,BU,"CORN, GRAIN - PRODUCTION, MEASURED IN BU",TOTAL,NOT SPECIFIED,COUNTY,19,19,IA,IOWA,30,NORTHEAST,5.0,5,ALLAMAKEE,,,0,,,9000,UNITED STATES,"IOWA, NORTHEAST, ALLAMAKEE",2022,ANNUAL,0,0,YEAR,,2023-02-24 15:00:00.000,"16,495,000",4.1
SURVEY,CROPS,FIELD CROPS,CORN,ALL CLASSES,ALL PRODUCTION PRACTICES,GRAIN,PRODUCTION,BU,"CORN, GRAIN - PRODUCTION, MEASURED IN BU",TOTAL,NOT SPECIFIED,COUNTY,19,19,IA,IOWA,30,NORTHEAST,5.0,5,ALLAMAKEE,,,0,,,9000,UNITED STATES,"IOWA, NORTHEAST, ALLAMAKEE",2021,ANNUAL,0,0,YEAR,,2023-02-24 15:00:00.000,"17,051,000",2.8
SURVEY,CROPS,FIELD CROPS,CORN,ALL CLASSES,ALL PRODUCTION PRACTICES,GRAIN,PRODUCTION,BU,"CORN, GRAIN - PRODUCTION, MEASURED IN BU",TOTAL,NOT SPECIFIED,COUNTY,19,19,IA,IOWA,30,NORTHEAST,13.0,13,BLACK HAWK,,,0,,,9000,UNITED STATES,"IOWA, NORTHEAST, BLACK HAWK",2022,ANNUAL,0,0,YEAR,,2023-02-24 15:00:00.000,"26,771,000",1.9
SURVEY,CROPS,FIELD CROPS,CORN,ALL CLASSES,ALL PRODUCTION PRACTICES,GRAIN,PRODUCTION,BU,"CORN, GRAIN - PRODUCTION, MEASURED IN BU",TOTAL,NOT SPECIFIED,COUNTY,19,19,IA,IOWA,30,NORTHEAST,13.0,13,BLACK HAWK,,,0,,,9000,UNITED STATES,"IOWA, NORTHEAST, BLACK HAWK",2021,ANNUAL,0,0,YEAR,,2023-02-24 15:00:00.000,"26,562,000",1.8
SURVEY,CROPS,FIELD CROPS,CORN,ALL CLASSES,ALL PRODUCTION PRACTICES,GRAIN,PRODUCTION,BU,"CORN, GRAIN - PRODUCTION, MEASURED IN BU",TOTAL,NOT SPECIFIED,COUNTY,19,19,IA,IOWA,30,NORTHEAST,17.0,17,BREMER,,,0,,,9000,UNITED STATES,"IOWA, NORTHEAST, BREMER",2022,ANNUAL,0,0,YEAR,,2023-02-24 15:00:00.000,"23,420,000",2.4
SURVEY,CROPS,FIELD CROPS,CORN,ALL CLASSES,ALL PRODUCTION PRACTICES,GRAIN,PRODUCTION,BU,"CORN, GRAIN - PRODUCTION, MEASURED IN BU",TOTAL,NOT SPECIFIED,COUNTY,19,19,IA,IOWA,30,NORTHEAST,17.0,17,BREMER,,,0,,,9000,UNITED STATES,"IOWA, NORTHEAST, BREMER",2021,ANNUAL,0,0,YEAR,,2023-02-24 15:00:00.000,"23,592,000",2.2
SURVEY,CROPS,FIELD CROPS,CORN,ALL CLASSES,ALL PRODUCTION PRACTICES,GRAIN,PRODUCTION,BU,"CORN, GRAIN - PRODUCTION, MEASURED IN BU",TOTAL,NOT SPECIFIED,COUNTY,19,19,IA,IOWA,30,NORTHEAST,19.0,19,BUCHANAN,,,0,,,9000,UNITED STATES,"IOWA, NORTHEAST, BUCHANAN",2022,ANNUAL,0,0,YEAR,,2023-02-24 15:00:00.000,"35,041,000",1.3
SURVEY,CROPS,FIELD CROPS,CORN,ALL CLASSES,ALL PRODUCTION PRACTICES,GRAIN,PRODUCTION,BU,"CORN, GRAIN - PRODUCTION, MEASURED IN BU",TOTAL,NOT SPECIFIED,COUNTY,19,19,IA,IOWA,30,NORTHEAST,19.0,19,BUCHANAN,,,0,,,9000,UNITED STATES,"IOWA, NORTHEAST, BUCHANAN",2021,ANNUAL,0,0,YEAR,,2023-02-24 15:00:00.000,"36,700,000",1.9
SURVEY,CROPS,FIELD CROPS,CORN,ALL CLASSES,ALL PRODUCTION PRACTICES,GRAIN,PRODUCTION,BU,"CORN, GRAIN - PRODUCTION, MEASURED IN BU",TOTAL,NOT SPECIFIED,COUNTY,19,19,IA,IOWA,30,NORTHEAST,37.0,37,CHICKASAW,,,0,,,9000,UNITED STATES,"IOWA, NORTHEAST, CHICKASAW",2022,ANNUAL,0,0,YEAR,,2023-02-24 15:00:00.000,"30,001,000",2.6
SURVEY,CROPS,FIELD CROPS,CORN,ALL CLASSES,ALL PRODUCTION PRACTICES,GRAIN,PRODUCTION,BU,"CORN, GRAIN - PRODUCTION, MEASURED IN BU",TOTAL,NOT SPECIFIED,COUNTY,19,19,IA,IOWA,30,NORTHEAST,37.0,37,CHICKASAW,,,0,,,9000,UNITED STATES,"IOWA, NORTHEAST, CHICKASAW",2021,ANNUAL,0,0,YEAR,,2023-02-24 15:00:00.000,"28,315,000",1.4
SURVEY,CROPS,FIELD CROPS,CORN,ALL CLASSES,ALL PRODUCTION PRACTICES,GRAIN,PRODUCTION,BU,"CORN, GRAIN - PRODUCTION, MEASURED IN BU",TOTAL,NOT SPECIFIED,COUNTY,19,19,IA,IOWA,30,NORTHEAST,43.0,43,CLAYTON,,,0,,,9000,UNITED STATES,"IOWA, NORTHEAST, CLAYTON",2022,ANNUAL,0,0,YEAR,,2023-02-24 15:00:00.000,"27,722,000",1.9
SURVEY,CROPS,FIELD CROPS,CORN,ALL CLASSES,ALL PRODUCTION PRACTICES,GRAIN,PRODUCTION,BU,"CORN, GRAIN - PRODUCTION, MEASURED IN BU",TOTAL,NOT SPECIFIED,COUNTY,19,19,IA,IOWA,30,NORTHEAST,43.0,43,CLAYTON,,,0,,,9000,UNITED STATES,"IOWA, NORTHEAST, CLAYTON",2021,ANNUAL,0,0,YEAR,,2023-02-24 15:00:00.000,"25,077,000",3.4
SURVEY,CROPS,FIELD CROPS,CORN,ALL CLASSES,ALL PRODUCTION PRACTICES,GRAIN,PRODUCTION,BU,"CORN, GRAIN - PRODUCTION, MEASURED IN BU",TOTAL,NOT SPECIFIED,COUNTY,19,19,IA,IOWA,30,NORTHEAST,55.0,55,DELAWARE,,,0,,,9000,UNITED STATES,"IOWA, NORTHEAST, DELAWARE",2022,ANNUAL,0,0,YEAR,,2023-02-24 15:00:00.000,"37,343,000",2.0
SURVEY,CROPS,FIELD CROPS,CORN,ALL CLASSES,ALL PRODUCTION PRACTICES,GRAIN,PRODUCTION,BU,"CORN, GRAIN - PRODUCTION, MEASURED IN BU",TOTAL,NOT SPECIFIED,COUNTY,19,19,IA,IOWA,30,NORTHEAST,55.0,55,DELAWARE,,,0,,,9000,UNITED STATES,"IOWA, NORTHEAST, DELAWARE",2021,ANNUAL,0,0,YEAR,,2023-02-24 15:00:00.000,"37,082,000",1.0
SURVEY,CROPS,FIELD CROPS,CORN,ALL CLASSES,ALL PRODUCTION PRACTICES,GRAIN,PRODUCTION,BU,"CORN, GRAIN - PRODUCTION, MEASURED IN BU",TOTAL,NOT SPECIFIED,COUNTY,19,19,IA,IOWA,30,NORTHEAST,61.0,61,DUBUQUE,,,0,,,9000,UNITED STATES,"IOWA, NORTHEAST, DUBUQUE",2022,ANNUAL,0,0,YEAR,,2023-02-24 15:00:00.000,"29,976,000",1.8
SURVEY,CROPS,FIELD CROPS,CORN,ALL CLASSES,ALL PRODUCTION PRACTICES,GRAIN,PRODUCTION,BU,"CORN, GRAIN - PRODUCTION, MEASURED IN BU",TOTAL,NOT SPECIFIED,COUNTY,19,19,IA,IOWA,30,NORTHEAST,61.0,61,DUBUQUE,,,0,,,9000,UNITED STATES,"IOWA, NORTHEAST, DUBUQUE",2021,ANNUAL,0,0,YEAR,,2023-02-24 15:00:00.000,"28,562,000",1.6
SURVEY,CROPS,FIELD CROPS,CORN,ALL CLASSES,ALL PRODUCTION PRACTICES,GRAIN,PRODUCTION,BU,"CORN, GRAIN - PRODUCTION, MEASURED IN BU",TOTAL,NOT SPECIFIED,COUNTY,19,19,IA,IOWA,30,NORTHEAST,65.0,65,FAYETTE,,,0,,,9000,UNITED STATES,"IOWA, NORTHEAST, FAYETTE",2022,ANNUAL,0,0,YEAR,,2023-02-24 15:00:00.000,"37,177,000",1.9
SURVEY,CROPS,FIELD CROPS,CORN,ALL CLASSES,ALL PRODUCTION PRACTICES,GRAIN,PRODUCTION,BU,"CORN, GRAIN - PRODUCTION, MEASURED IN BU",TOTAL,NOT SPECIFIED,COUNTY,19,19,IA,IOWA,30,NORTHEAST,65.0,65,FAYETTE,,,0,,,9000,UNITED STATES,"IOWA, NORTHEAST, FAYETTE",2021,ANNUAL,0,0,YEAR,,2023-02-24 15:00:00.000,"36,268,000",1.9
SURVEY,CROPS,FIELD CROPS,CORN,ALL CLASSES,ALL PRODUCTION PRACTICES,GRAIN,PRODUCTION,BU,"CORN, GRAIN - PRODUCTION, MEASURED IN BU",TOTAL,NOT SPECIFIED,COUNTY,19,19,IA,IOWA,30,NORTHEAST,89.0,89,HOWARD,,,0,,,9000,UNITED STATES,"IOWA, NORTHEAST, HOWARD",2022,ANNUAL,0,0,YEAR,,2023-02-24 15:00:00.000,"28,140,000",1.8
SURVEY,CROPS,FIELD CROPS,CORN,ALL CLASSES,ALL PRODUCTION PRACTICES,GRAIN,PRODUCTION,BU,"CORN, GRAIN - PRODUCTION, MEASURED IN BU",TOTAL,NOT SPECIFIED,COUNTY,19,19,IA,IOWA,30,NORTHEAST,89.0,89,HOWARD,,,0,,,9000,UNITED STATES,"IOWA, NORTHEAST, HOWARD",2021,ANNUAL,0,0,YEAR,,2023-02-24 15:00:00.000,"26,120,000",1.6
SURVEY,CROPS,FIELD CROPS,CORN,ALL CLASSES,ALL PRODUCTION PRACTICES,GRAIN,PRODUCTION,BU,"CORN, GRAIN - PRODUCTION, MEASURED IN BU",TOTAL,NOT SPECIFIED,COUNTY,19,19,IA,IOWA,30,NORTHEAST,191.0,191,WINNESHIEK,,,0,,,9000,UNITED STATES,"IOWA, NORTHEAST, WINNESHIEK",2022,ANNUAL,0,0,YEAR,,2023-02-24 15:00:00.000,"29,948,000",2.4
SURVEY,CROPS,FIELD CROPS,CORN,ALL CLASSES,ALL PRODUCTION PRACTICES,GRAIN,PRODUCTION,BU,"CORN, GRAIN - PRODUCTION, MEASURED IN BU",TOTAL,NOT SPECIFIED,COUNTY,19,19,IA,IOWA,30,NORTHEAST,191.0,191,WINNESHIEK,,,0,,,9000,UNITED STATES,"IOWA, NORTHEAST, WINNESHIEK",2021,ANNUAL,0,0,YEAR,,2023-02-24 15:00:00.000,"26,726,000",1.8
SURVEY,CROPS,FIELD CROPS,CORN,ALL CLASSES,ALL PRODUCTION PRACTICES,GRAIN,PRODUCTION,BU,"CORN, GRAIN - PRODUCTION, MEASURED IN BU",TOTAL,NOT SPECIFIED,COUNTY,19,19,IA,IOWA,40,WEST CENTRAL,9.0,9,AUDUBON,,,0,,,9000,UNITED STATES,"IOWA, WEST CENTRAL, AUDUBON",2022,ANNUAL,0,0,YEAR,,2023-02-24 15:00:00.000,"21,294,000",3.2
SURVEY,CROPS,FIELD CROPS,CORN,ALL CLASSES,ALL PRODUCTION PRACTICES,GRAIN,PRODUCTION,BU,"CORN, GRAIN - PRODUCTION, MEASURED IN BU",TOTAL,NOT SPECIFIED,COUNTY,19,19,IA,IOWA,40,WEST CENTRAL,9.0,9,AUDUBON,,,0,,,9000,UNITED STATES,"IOWA, WEST CENTRAL, AUDUBON",2021,ANNUAL,0,0,YEAR,,2023-02-24 15:00:00.000,"22,547,000",1.9
SURVEY,CROPS,FIELD CROPS,CORN,ALL CLASSES,ALL PRODUCTION PRACTICES,GRAIN,PRODUCTION,BU,"CORN, GRAIN - PRODUCTION, MEASURED IN BU",TOTAL,NOT SPECIFIED,COUNTY,19,19,IA,IOWA,40,WEST CENTRAL,25.0,25,CALHOUN,,,0,,,9000,UNITED STATES,"IOWA, WEST CENTRAL, CALHOUN",2022,ANNUAL,0,0,YEAR,,2023-02-24 15:00:00.000,"35,140,000",1.8
SURVEY,CROPS,FIELD CROPS,CORN,ALL CLASSES,ALL PRODUCTION PRACTICES,GRAIN,PRODUCTION,BU,"CORN, GRAIN - PRODUCTION, MEASURED IN BU",TOTAL,NOT SPECIFIED,COUNTY,19,19,IA,IOWA,40,WEST CENTRAL,25.0,25,CALHOUN,,,0,,,9000,UNITED STATES,"IOWA, WEST CENTRAL, CALHOUN",2021,ANNUAL,0,0,YEAR,,2023-02-24 15:00:00.000,"34,921,000",2.2
SURVEY,CROPS,FIELD CROPS,CORN,ALL CLASSES,ALL PRODUCTION PRACTICES,GRAIN,PRODUCTION,BU,"CORN, GRAIN - PRODUCTION, MEASURED IN BU",TOTAL,NOT SPECIFIED,COUNTY,19,19,IA,IOWA,40,WEST CENTRAL,27.0,27,CARROLL,,,0,,,9000,UNITED STATES,"IOWA, WEST CENTRAL, CARROLL",2022,ANNUAL,0,0,YEAR,,2023-02-24 15:00:00.000,"33,993,000",4.1
SURVEY,CROPS,FIELD CROPS,CORN,ALL CLASSES,ALL PRODUCTION PRACTICES,GRAIN,PRODUCTION,BU,"CORN, GRAIN - PRODUCTION, MEASURED IN BU",TOTAL,NOT SPECIFIED,COUNTY,19,19,IA,IOWA,40,WEST CENTRAL,27.0,27,CARROLL,,,0,,,9000,UNITED STATES,"IOWA, WEST CENTRAL, CARROLL",2021,ANNUAL,0,0,YEAR,,2023-02-24 15:00:00.000,"35,738,000",1.8
SURVEY,CROPS,FIELD CROPS,CORN,ALL CLASSES,ALL PRODUCTION PRACTICES,GRAIN,PRODUCTION,BU,"CORN, GRAIN - PRODUCTION, MEASURED IN BU",TOTAL,NOT SPECIFIED,COUNTY,19,19,IA,IOWA,40,WEST CENTRAL,47.0,47,CRAWFORD,,,0,,,9000,UNITED STATES,"IOWA, WEST CENTRAL, CRAWFORD",2022,ANNUAL,0,0,YEAR,,2023-02-24 15:00:00.000,"43,064,000",2.0
SURVEY,CROPS,FIELD CROPS,CORN,ALL CLASSES,ALL PRODUCTION PRACTICES,GRAIN,PRODUCTION,BU,"CORN, GRAIN - PRODUCTION, MEASURED IN BU",TOTAL,NOT SPECIFIED,COUNTY,19,19,IA,IOWA,40,WEST CENTRAL,47.0,47,CRAWFORD,,,0,,,9000,UNITED STATES,"IOWA, WEST CENTRAL, CRAWFORD",2021,ANNUAL,0,0,YEAR,,2023-02-24 15:00:00.000,"42,345,000",2.8
SURVEY,CROPS,FIELD CROPS,CORN,ALL CLASSES,ALL PRODUCTION PRACTICES,GRAIN,PRODUCTION,BU,"CORN, GRAIN - PRODUCTION, MEASURED IN BU",TOTAL,NOT SPECIFIED,COUNTY,19,19,IA,IOWA,40,WEST CENTRAL,73.0,73,GREENE,,,0,,,9000,UNITED STATES,"IOWA, WEST CENTRAL, GREENE",2022,ANNUAL,0,0,YEAR,,2023-02-24 15:00:00.000,"31,844,000",1.3
SURVEY,CROPS,FIELD CROPS,CORN,ALL CLASSES,ALL PRODUCTION PRACTICES,GRAIN,PRODUCTION,BU,"CORN, GRAIN - PRODUCTION, MEASURED IN BU",TOTAL,NOT SPECIFIED,COUNTY,19,19,IA,IOWA,40,WEST CENTRAL,73.0,73,GREENE,,,0,,,9000,UNITED STATES,"IOWA, WEST CENTRAL, GREENE",2021,ANNUAL,0,0,YEAR,,2023-02-24 15:00:00.000,"34,530,000",2.4
SURVEY,CROPS,FIELD CROPS,CORN,ALL CLASSES,ALL PRODUCTION PRACTICES,GRAIN,PRODUCTION,BU,"CORN, GRAIN - PRODUCTION, MEASURED IN BU",TOTAL,NOT SPECIFIED,COUNTY,19,19,IA,IOWA,40,WEST CENTRAL,77.0,77,GUTHRIE,,,0,,,9000,UNITED STATES,"IOWA, WEST CENTRAL, GUTHRIE",2022,ANNUAL,0,0,YEAR,,2023-02-24 15:00:00.000,"20,173,000",1.8
SURVEY,CROPS,FIELD CROPS,CORN,ALL CLASSES,ALL PRODUCTION PRACTICES,GRAIN,PRODUCTION,BU,"CORN, GRAIN - PRODUCTION, MEASURED IN BU",TOTAL,NOT SPECIFIED,COUNTY,19,19,IA,IOWA,40,WEST CENTRAL,77.0,77,GUTHRIE,,,0,,,9000,UNITED STATES,"IOWA, WEST CENTRAL, GUTHRIE",2021,ANNUAL,0,0,YEAR,,2023-02-24 15:00:00.000,"22,616,000",2.5
SURVEY,CROPS,FIELD CROPS,CORN,ALL CLASSES,ALL PRODUCTION PRACTICES,GRAIN,PRODUCTION,BU,"CORN, GRAIN - PRODUCTION, MEASURED IN BU",TOTAL,NOT SPECIFIED,COUNTY,19,19,IA,IOWA,40,WEST CENTRAL,85.0,85,HARRISON,,,0,,,9000,UNITED STATES,"IOWA, WEST CENTRAL, HARRISON",2022,ANNUAL,0,0,YEAR,,2023-02-24 15:00:00.000,"29,791,000",3.3
SURVEY,CROPS,FIELD CROPS,CORN,ALL CLASSES,ALL PRODUCTION PRACTICES,GRAIN,PRODUCTION,BU,"CORN, GRAIN - PRODUCTION, MEASURED IN BU",TOTAL,NOT SPECIFIED,COUNTY,19,19,IA,IOWA,40,WEST CENTRAL,93.0,93,IDA,,,0,,,9000,UNITED STATES,"IOWA, WEST CENTRAL, IDA",2022,ANNUAL,0,0,YEAR,,2023-02-24 15:00:00.000,"26,256,000",3.0
SURVEY,CROPS,FIELD CROPS,CORN,ALL CLASSES,ALL PRODUCTION PRACTICES,GRAIN,PRODUCTION,BU,"CORN, GRAIN - PRODUCTION, MEASURED IN BU",TOTAL,NOT SPECIFIED,COUNTY,19,19,IA,IOWA,40,WEST CENTRAL,93.0,93,IDA,,,0,,,9000,UNITED STATES,"IOWA, WEST CENTRAL, IDA",2021,ANNUAL,0,0,YEAR,,2023-02-24 15:00:00.000,"27,778,000",2.2
SURVEY,CROPS,FIELD CROPS,CORN,ALL CLASSES,ALL PRODUCTION PRACTICES,GRAIN,PRODUCTION,BU,"CORN, GRAIN - PRODUCTION, MEASURED IN BU",TOTAL,NOT SPECIFIED,COUNTY,19,19,IA,IOWA,40,WEST CENTRAL,133.0,133,MONONA,,,0,,,9000,UNITED STATES,"IOWA, WEST CENTRAL, MONONA",2022,ANNUAL,0,0,YEAR,,2023-02-24 15:00:00.000,"27,735,000",3.7
SURVEY,CROPS,FIELD CROPS,CORN,ALL CLASSES,ALL PRODUCTION PRACTICES,GRAIN,PRODUCTION,BU,"CORN, GRAIN - PRODUCTION, MEASURED IN BU",TOTAL,NOT SPECIFIED,COUNTY,19,19,IA,IOWA,40,WEST CENTRAL,133.0,133,MONONA,,,0,,,9000,UNITED STATES,"IOWA, WEST CENTRAL, MONONA",2021,ANNUAL,0,0,YEAR,,2023-02-24 15:00:00.000,"33,411,000",3.8
SURVEY,CROPS,FIELD CROPS,CORN,ALL CLASSES,ALL PRODUCTION PRACTICES,GRAIN,PRODUCTION,BU,"CORN, GRAIN - PRODUCTION, MEASURED IN BU",TOTAL,NOT SPECIFIED,COUNTY,19,19,IA,IOWA,40,WEST CENTRAL,161.0,161,SAC,,,0,,,9000,UNITED STATES,"IOWA, WEST CENTRAL, SAC",2022,ANNUAL,0,0,YEAR,,2023-02-24 15:00:00.000,"33,708,000",3.2
SURVEY,CROPS,FIELD CROPS,CORN,ALL CLASSES,ALL PRODUCTION PRACTICES,GRAIN,PRODUCTION,BU,"CORN, GRAIN - PRODUCTION, MEASURED IN BU",TOTAL,NOT SPECIFIED,COUNTY,19,19,IA,IOWA,40,WEST CENTRAL,161.0,161,SAC,,,0,,,9000,UNITED STATES,"IOWA, WEST CENTRAL, SAC",2021,ANNUAL,0,0,YEAR,,2023-02-24 15:00:00.000,"36,943,000",2.1
SURVEY,CROPS,FIELD CROPS,CORN,ALL CLASSES,ALL PRODUCTION PRACTICES,GRAIN,PRODUCTION,BU,"CORN, GRAIN - PRODUCTION, MEASURED IN BU",TOTAL,NOT SPECIFIED,COUNTY,19,19,IA,IOWA,40,WEST CENTRAL,165.0,165,SHELBY,,,0,,,9000,UNITED STATES,"IOWA, WEST CENTRAL, SHELBY",2022,ANNUAL,0,0,YEAR,,2023-02-24 15:00:00.000,"34,548,000",1.1
SURVEY,CROPS,FIELD CROPS,CORN,ALL CLASSES,ALL PRODUCTION PRACTICES,GRAIN,PRODUCTION,BU,"CORN, GRAIN - PRODUCTION, MEASURED IN BU",TOTAL,NOT SPECIFIED,COUNTY,19,19,IA,IOWA,40,WEST CENTRAL,193.0,193,WOODBURY,,,0,,,9000,UNITED STATES,"IOWA, WEST CENTRAL, WOODBURY",2022,ANNUAL,0,0,YEAR,,2023-02-24 15:00:00.000,"35,816,000",1.9
SURVEY,CROPS,FIELD CROPS,CORN,ALL CLASSES,ALL PRODUCTION PRACTICES,GRAIN,PRODUCTION,BU,"CORN, GRAIN - PRODUCTION, MEASURED IN BU",TOTAL,NOT SPECIFIED,COUNTY,19,19,IA,IOWA,40,WEST CENTRAL,193.0,193,WOODBURY,,,0,,,9000,UNITED STATES,"IOWA, WEST CENTRAL, WOODBURY",2021,ANNUAL,0,0,YEAR,,2023-02-24 15:00:00.000,"40,525,000",1.5
SURVEY,CROPS,FIELD CROPS,CORN,ALL CLASSES,ALL PRODUCTION PRACTICES,GRAIN,PRODUCTION,BU,"CORN, GRAIN - PRODUCTION, MEASURED IN BU",TOTAL,NOT SPECIFIED,COUNTY,19,19,IA,IOWA,50,CENTRAL,15.0,15,BOONE,,,0,,,9000,UNITED STATES,"IOWA, CENTRAL, BOONE",2022,ANNUAL,0,0,YEAR,,2023-02-24 15:00:00.000,"30,603,000",1.9
SURVEY,CROPS,FIELD CROPS,CORN,ALL CLASSES,ALL PRODUCTION PRACTICES,GRAIN,PRODUCTION,BU,"CORN, GRAIN - PRODUCTION, MEASURED IN BU",TOTAL,NOT SPECIFIED,COUNTY,19,19,IA,IOWA,50,CENTRAL,15.0,15,BOONE,,,0,,,9000,UNITED STATES,"IOWA, CENTRAL, BOONE",2021,ANNUAL,0,0,YEAR,,2023-02-24 15:00:00.000,"29,593,000",2.4
SURVEY,CROPS,FIELD CROPS,CORN,ALL CLASSES,ALL PRODUCTION PRACTICES,GRAIN,PRODUCTION,BU,"CORN, GRAIN - PRODUCTION, MEASURED IN BU",TOTAL,NOT SPECIFIED,COUNTY,19,19,IA,IOWA,50,CENTRAL,49.0,49,DALLAS,,,0,,,9000,UNITED STATES,"IOWA, CENTRAL, DALLAS",2022,ANNUAL,0,0,YEAR,,2023-02-24 15:00:00.000,"24,055,000",3.4
SURVEY,CROPS,FIELD CROPS,CORN,ALL CLASSES,ALL PRODUCTION PRACTICES,GRAIN,PRODUCTION,BU,"CORN, GRAIN - PRODUCTION, MEASURED IN BU",TOTAL,NOT SPECIFIED,COUNTY,19,19,IA,IOWA,50,CENTRAL,49.0,49,DALLAS,,,0,,,9000,UNITED STATES,"IOWA, CENTRAL, DALLAS",2021,ANNUAL,0,0,YEAR,,2023-02-24 15:00:00.000,"24,537,000",2.3
SURVEY,CROPS,FIELD CROPS,CORN,ALL CLASSES,ALL PRODUCTION PRACTICES,GRAIN,PRODUCTION,BU,"CORN, GRAIN - PRODUCTION, MEASURED IN BU",TOTAL,NOT SPECIFIED,COUNTY,19,19,IA,IOWA,50,CENTRAL,75.0,75,GRUNDY,,,0,,,9000,UNITED STATES,"IOWA, CENTRAL, GRUNDY",2022,ANNUAL,0,0,YEAR,,2023-02-24 15:00:00.000,"31,997,000",2.6
SURVEY,CROPS,FIELD CROPS,CORN,ALL CLASSES,ALL PRODUCTION PRACTICES,GRAIN,PRODUCTION,BU,"CORN, GRAIN - PRODUCTION, MEASURED IN BU",TOTAL,NOT SPECIFIED,COUNTY,19,19,IA,IOWA,50,CENTRAL,75.0,75,GRUNDY,,,0,,,9000,UNITED STATES,"IOWA, CENTRAL, GRUNDY",2021,ANNUAL,0,0,YEAR,,2023-02-24 15:00:00.000,"31,452,000",2.6
SURVEY,CROPS,FIELD CROPS,CORN,ALL CLASSES,ALL PRODUCTION PRACTICES,GRAIN,PRODUCTION,BU,"CORN, GRAIN - PRODUCTION, MEASURED IN BU",TOTAL,NOT SPECIFIED,COUNTY,19,19,IA,IOWA,50,CENTRAL,79.0,79,HAMILTON,,,0,,,9000,UNITED STATES,"IOWA, CENTRAL, HAMILTON",2022,ANNUAL,0,0,YEAR,,2023-02-24 15:00:00.000,"37,444,000",1.6
SURVEY,CROPS,FIELD CROPS,CORN,ALL CLASSES,ALL PRODUCTION PRACTICES,GRAIN,PRODUCTION,BU,"CORN, GRAIN - PRODUCTION, MEASURED IN BU",TOTAL,NOT SPECIFIED,COUNTY,19,19,IA,IOWA,50,CENTRAL,83.0,83,HARDIN,,,0,,,9000,UNITED STATES,"IOWA, CENTRAL, HARDIN",2022,ANNUAL,0,0,YEAR,,2023-02-24 15:00:00.000,"37,213,000",2.1
SURVEY,CROPS,FIELD CROPS,CORN,ALL CLASSES,ALL PRODUCTION PRACTICES,GRAIN,PRODUCTION,BU,"CORN, GRAIN - PRODUCTION, MEASURED IN BU",TOTAL,NOT SPECIFIED,COUNTY,19,19,IA,IOWA,50,CENTRAL,83.0,83,HARDIN,,,0,,,9000,UNITED STATES,"IOWA, CENTRAL, HARDIN",2021,ANNUAL,0,0,YEAR,,2023-02-24 15:00:00.000,"33,887,000",1.7
SURVEY,CROPS,FIELD CROPS,CORN,ALL CLASSES,ALL PRODUCTION PRACTICES,GRAIN,PRODUCTION,BU,"CORN, GRAIN - PRODUCTION, MEASURED IN BU",TOTAL,NOT SPECIFIED,COUNTY,19,19,IA,IOWA,50,CENTRAL,99.0,99,JASPER,,,0,,,9000,UNITED STATES,"IOWA, CENTRAL, JASPER",2022,ANNUAL,0,0,YEAR,,2023-02-24 15:00:00.000,"34,673,000",1.3
SURVEY,CROPS,FIELD CROPS,CORN,ALL CLASSES,ALL PRODUCTION PRACTICES,GRAIN,PRODUCTION,BU,"CORN, GRAIN - PRODUCTION, MEASURED IN BU",TOTAL,NOT SPECIFIED,COUNTY,19,19,IA,IOWA,50,CENTRAL,99.0,99,JASPER,,,0,,,9000,UNITED STATES,"IOWA, CENTRAL, JASPER",2021,ANNUAL,0,0,YEAR,,2023-02-24 15:00:00.000,"36,048,000",2.1
SURVEY,CROPS,FIELD CROPS,CORN,ALL CLASSES,ALL PRODUCTION PRACTICES,GRAIN,PRODUCTION,BU,"CORN, GRAIN - PRODUCTION, MEASURED IN BU",TOTAL,NOT SPECIFIED,COUNTY,19,19,IA,IOWA,50,CENTRAL,127.0,127,MARSHALL,,,0,,,9000,UNITED STATES,"IOWA, CENTRAL, MARSHALL",2022,ANNUAL,0,0,YEAR,,2023-02-24 15:00:00.000,"30,017,000",2.2
SURVEY,CROPS,FIELD CROPS,CORN,ALL CLASSES,ALL PRODUCTION PRACTICES,GRAIN,PRODUCTION,BU,"CORN, GRAIN - PRODUCTION, MEASURED IN BU",TOTAL,NOT SPECIFIED,COUNTY,19,19,IA,IOWA,50,CENTRAL,127.0,127,MARSHALL,,,0,,,9000,UNITED STATES,"IOWA, CENTRAL, MARSHALL",2021,ANNUAL,0,0,YEAR,,2023-02-24 15:00:00.000,"25,866,000",3.2
SURVEY,CROPS,FIELD CROPS,CORN,ALL CLASSES,ALL PRODUCTION PRACTICES,GRAIN,PRODUCTION,BU,"CORN, GRAIN - PRODUCTION, MEASURED IN BU",TOTAL,NOT SPECIFIED,COUNTY,19,19,IA,IOWA,50,CENTRAL,153.0,153,POLK,,,0,,,9000,UNITED STATES,"IOWA, CENTRAL, POLK",2022,ANNUAL,0,0,YEAR,,2023-02-24 15:00:00.000,"13,409,000",3.6
SURVEY,CROPS,FIELD CROPS,CORN,ALL CLASSES,ALL PRODUCTION PRACTICES,GRAIN,PRODUCTION,BU,"CORN, GRAIN - PRODUCTION, MEASURED IN BU",TOTAL,NOT SPECIFIED,COUNTY,19,19,IA,IOWA,50,CENTRAL,153.0,153,POLK,,,0,,,9000,UNITED STATES,"IOWA, CENTRAL, POLK",2021,ANNUAL,0,0,YEAR,,2023-02-24 15:00:00.000,"15,138,000",3.2
SURVEY,CROPS,FIELD CROPS,CORN,ALL CLASSES,ALL PRODUCTION PRACTICES,GRAIN,PRODUCTION,BU,"CORN, GRAIN - PRODUCTION, MEASURED IN BU",TOTAL,NOT SPECIFIED,COUNTY,19,19,IA,IOWA,50,CENTRAL,157.0,157,POWESHIEK,,,0,,,9000,UNITED STATES,"IOWA, CENTRAL, POWESHIEK",2022,ANNUAL,0,0,YEAR,,2023-02-24 15:00:00.000,"26,501,000",3.4
SURVEY,CROPS,FIELD CROPS,CORN,ALL CLASSES,ALL PRODUCTION PRACTICES,GRAIN,PRODUCTION,BU,"CORN, GRAIN - PRODUCTION, MEASURED IN BU",TOTAL,NOT SPECIFIED,COUNTY,19,19,IA,IOWA,50,CENTRAL,157.0,157,POWESHIEK,,,0,,,9000,UNITED STATES,"IOWA, CENTRAL, POWESHIEK",2021,ANNUAL,0,0,YEAR,,2023-02-24 15:00:00.000,"27,075,000",2.8
SURVEY,CROPS,FIELD CROPS,CORN,ALL CLASSES,ALL PRODUCTION PRACTICES,GRAIN,PRODUCTION,BU,"CORN, GRAIN - PRODUCTION, MEASURED IN BU",TOTAL,NOT SPECIFIED,COUNTY,19,19,IA,IOWA,50,CENTRAL,169.0,169,STORY,,,0,,,9000,UNITED STATES,"IOWA, CENTRAL, STORY",2022,ANNUAL,0,0,YEAR,,2023-02-24 15:00:00.000,"32,390,000",2.5
SURVEY,CROPS,FIELD CROPS,CORN,ALL CLASSES,ALL PRODUCTION PRACTICES,GRAIN,PRODUCTION,BU,"CORN, GRAIN - PRODUCTION, MEASURED IN BU",TOTAL,NOT SPECIFIED,COUNTY,19,19,IA,IOWA,50,CENTRAL,169.0,169,STORY,,,0,,,9000,UNITED STATES,"IOWA, CENTRAL, STORY",2021,ANNUAL,0,0,YEAR,,2023-02-24 15:00:00.000,"28,168,000",2.0
SURVEY,CROPS,FIELD CROPS,CORN,ALL CLASSES,ALL PRODUCTION PRACTICES,GRAIN,PRODUCTION,BU,"CORN, GRAIN - PRODUCTION, MEASURED IN BU",TOTAL,NOT SPECIFIED,COUNTY,19,19,IA,IOWA,50,CENTRAL,171.0,171,TAMA,,,0,,,9000,UNITED STATES,"IOWA, CENTRAL, TAMA",2022,ANNUAL,0,0,YEAR,,2023-02-24 15:00:00.000,"34,154,000",3.5
SURVEY,CROPS,FIELD CROPS,CORN,ALL CLASSES,ALL PRODUCTION PRACTICES,GRAIN,PRODUCTION,BU,"CORN, GRAIN - PRODUCTION, MEASURED IN BU",TOTAL,NOT SPECIFIED,COUNTY,19,19,IA,IOWA,50,CENTRAL,171.0,171,TAMA,,,0,,,9000,UNITED STATES,"IOWA, CENTRAL, TAMA",2021,ANNUAL,0,0,YEAR,,2023-02-24 15:00:00.000,"33,604,000",2.4
SURVEY,CROPS,FIELD CROPS,CORN,ALL CLASSES,ALL PRODUCTION PRACTICES,GRAIN,PRODUCTION,BU,"CORN, GRAIN - PRODUCTION, MEASURED IN BU",TOTAL,NOT SPECIFIED,COUNTY,19,19,IA,IOWA,50,CENTRAL,187.0,187,WEBSTER,,,0,,,9000,UNITED STATES,"IOWA, CENTRAL, WEBSTER",2022,ANNUAL,0,0,YEAR,,2023-02-24 15:00:00.000,"38,849,000",1.9
SURVEY,CROPS,FIELD CROPS,CORN,ALL CLASSES,ALL PRODUCTION PRACTICES,GRAIN,PRODUCTION,BU,"CORN, GRAIN - PRODUCTION, MEASURED IN BU",TOTAL,NOT SPECIFIED,COUNTY,19,19,IA,IOWA,50,CENTRAL,187.0,187,WEBSTER,,,0,,,9000,UNITED STATES,"IOWA, CENTRAL, WEBSTER",2021,ANNUAL,0,0,YEAR,,2023-02-24 15:00:00.000,"41,791,000",1.5
SURVEY,CROPS,FIELD CROPS,CORN,ALL CLASSES,ALL PRODUCTION PRACTICES,GRAIN,PRODUCTION,BU,"CORN, GRAIN - PRODUCTION, MEASURED IN BU",TOTAL,NOT SPECIFIED,COUNTY,19,19,IA,IOWA,60,EAST CENTRAL,11.0,11,BENTON,,,0,,,9000,UNITED STATES,"IOWA, EAST CENTRAL, BENTON",2022,ANNUAL,0,0,YEAR,,2023-02-24 15:00:00.000,"40,083,000",2.0
SURVEY,CROPS,FIELD CROPS,CORN,ALL CLASSES,ALL PRODUCTION PRACTICES,GRAIN,PRODUCTION,BU,"CORN, GRAIN - PRODUCTION, MEASURED IN BU",TOTAL,NOT SPECIFIED,COUNTY,19,19,IA,IOWA,60,EAST CENTRAL,11.0,11,BENTON,,,0,,,9000,UNITED STATES,"IOWA, EAST CENTRAL, BENTON",2021,ANNUAL,0,0,YEAR,,2023-02-24 15:00:00.000,"37,115,000",4.3
SURVEY,CROPS,FIELD CROPS,CORN,ALL CLASSES,ALL PRODUCTION PRACTICES,GRAIN,PRODUCTION,BU,"CORN, GRAIN - PRODUCTION, MEASURED IN BU",TOTAL,NOT SPECIFIED,COUNTY,19,19,IA,IOWA,60,EAST CENTRAL,31.0,31,CEDAR,,,0,,,9000,UNITED STATES,"IOWA, EAST CENTRAL, CEDAR",2022,ANNUAL,0,0,YEAR,,2023-02-24 15:00:00.000,"32,679,000",1.6
SURVEY,CROPS,FIELD CROPS,CORN,ALL CLASSES,ALL PRODUCTION PRACTICES,GRAIN,PRODUCTION,BU,"CORN, GRAIN - PRODUCTION, MEASURED IN BU",TOTAL,NOT SPECIFIED,COUNTY,19,19,IA,IOWA,60,EAST CENTRAL,31.0,31,CEDAR,,,0,,,9000,UNITED STATES,"IOWA, EAST CENTRAL, CEDAR",2021,ANNUAL,0,0,YEAR,,2023-02-24 15:00:00.000,"30,368,000",2.7
SURVEY,CROPS,FIELD CROPS,CORN,ALL CLASSES,ALL PRODUCTION PRACTICES,GRAIN,PRODUCTION,BU,"CORN, GRAIN - PRODUCTION, MEASURED IN BU",TOTAL,NOT SPECIFIED,COUNTY,19,19,IA,IOWA,60,EAST CENTRAL,45.0,45,CLINTON,,,0,,,9000,UNITED STATES,"IOWA, EAST CENTRAL, CLINTON",2022,ANNUAL,0,0,YEAR,,2023-02-24 15:00:00.000,"40,626,000",1.8
SURVEY,CROPS,FIELD CROPS,CORN,ALL CLASSES,ALL PRODUCTION PRACTICES,GRAIN,PRODUCTION,BU,"CORN, GRAIN - PRODUCTION, MEASURED IN BU",TOTAL,NOT SPECIFIED,COUNTY,19,19,IA,IOWA,60,EAST CENTRAL,45.0,45,CLINTON,,,0,,,9000,UNITED STATES,"IOWA, EAST CENTRAL, CLINTON",2021,ANNUAL,0,0,YEAR,,2023-02-24 15:00:00.000,"37,270,000",2.1
SURVEY,CROPS,FIELD CROPS,CORN,ALL CLASSES,ALL PRODUCTION PRACTICES,GRAIN,PRODUCTION,BU,"CORN, GRAIN - PRODUCTION, MEASURED IN BU",TOTAL,NOT SPECIFIED,COUNTY,19,19,IA,IOWA,60,EAST CENTRAL,95.0,95,IOWA,,,0,,,9000,UNITED STATES,"IOWA, EAST CENTRAL, IOWA",2022,ANNUAL,0,0,YEAR,,2023-02-24 15:00:00.000,"24,543,000",2.5
SURVEY,CROPS,FIELD CROPS,CORN,ALL CLASSES,ALL PRODUCTION PRACTICES,GRAIN,PRODUCTION,BU,"CORN, GRAIN - PRODUCTION, MEASURED IN BU",TOTAL,NOT SPECIFIED,COUNTY,19,19,IA,IOWA,60,EAST CENTRAL,97.0,97,JACKSON,,,0,,,9000,UNITED STATES,"IOWA, EAST CENTRAL, JACKSON",2022,ANNUAL,0,0,YEAR,,2023-02-24 15:00:00.000,"24,397,000",3.6
SURVEY,CROPS,FIELD CROPS,CORN,ALL CLASSES,ALL PRODUCTION PRACTICES,GRAIN,PRODUCTION,BU,"CORN, GRAIN - PRODUCTION, MEASURED IN BU",TOTAL,NOT SPECIFIED,COUNTY,19,19,IA,IOWA,60,EAST CENTRAL,97.0,97,JACKSON,,,0,,,9000,UNITED STATES,"IOWA, EAST CENTRAL, JACKSON",2021,ANNUAL,0,0,YEAR,,2023-02-24 15:00:00.000,"20,626,000",2.5
SURVEY,CROPS,FIELD CROPS,CORN,ALL CLASSES,ALL PRODUCTION PRACTICES,GRAIN,PRODUCTION,BU,"CORN, GRAIN - PRODUCTION, MEASURED IN BU",TOTAL,NOT SPECIFIED,COUNTY,19,19,IA,IOWA,60,EAST CENTRAL,103.0,103,JOHNSON,,,0,,,9000,UNITED STATES,"IOWA, EAST CENTRAL, JOHNSON",2022,ANNUAL,0,0,YEAR,,2023-02-24 15:00:00.000,"20,151,000",3.4
SURVEY,CROPS,FIELD CROPS,CORN,ALL CLASSES,ALL PRODUCTION PRACTICES,GRAIN,PRODUCTION,BU,"CORN, GRAIN - PRODUCTION, MEASURED IN BU",TOTAL,NOT SPECIFIED,COUNTY,19,19,IA,IOWA,60,EAST CENTRAL,105.0,105,JONES,,,0,,,9000,UNITED STATES,"IOWA, EAST CENTRAL, JONES",2022,ANNUAL,0,0,YEAR,,2023-02-24 15:00:00.000,"31,617,000",2.1
SURVEY,CROPS,FIELD CROPS,CORN,ALL CLASSES,ALL PRODUCTION PRACTICES,GRAIN,PRODUCTION,BU,"CORN, GRAIN - PRODUCTION, MEASURED IN BU",TOTAL,NOT SPECIFIED,COUNTY,19,19,IA,IOWA,60,EAST CENTRAL,113.0,113,LINN,,,0,,,9000,UNITED STATES,"IOWA, EAST CENTRAL, LINN",2022,ANNUAL,0,0,YEAR,,2023-02-24 15:00:00.000,"29,606,000",1.3
SURVEY,CROPS,FIELD CROPS,CORN,ALL CLASSES,ALL PRODUCTION PRACTICES,GRAIN,PRODUCTION,BU,"CORN, GRAIN - PRODUCTION, MEASURED IN BU",TOTAL,NOT SPECIFIED,COUNTY,19,19,IA,IOWA,60,EAST CENTRAL,139.0,139,MUSCATINE,,,0,,,9000,UNITED STATES,"IOWA, EAST CENTRAL, MUSCATINE",2022,ANNUAL,0,0,YEAR,,2023-02-24 15:00:00.000,"18,604,000",2.6
SURVEY,CROPS,FIELD CROPS,CORN,ALL CLASSES,ALL PRODUCTION PRACTICES,GRAIN,PRODUCTION,BU,"CORN, GRAIN - PRODUCTION, MEASURED IN BU",TOTAL,NOT SPECIFIED,COUNTY,19,19,IA,IOWA,60,EAST CENTRAL,139.0,139,MUSCATINE,,,0,,,9000,UNITED STATES,"IOWA, EAST CENTRAL, MUSCATINE",2021,ANNUAL,0,0,YEAR,,2023-02-24 15:00:00.000,"17,202,000",2.9
SURVEY,CROPS,FIELD CROPS,CORN,ALL CLASSES,ALL PRODUCTION PRACTICES,GRAIN,PRODUCTION,BU,"CORN, GRAIN - PRODUCTION, MEASURED IN BU",TOTAL,NOT SPECIFIED,COUNTY,19,19,IA,IOWA,60,EAST CENTRAL,163.0,163,SCOTT,,,0,,,9000,UNITED STATES,"IOWA, EAST CENTRAL, SCOTT",2022,ANNUAL,0,0,YEAR,,2023-02-24 15:00:00.000,"22,074,000",3.2
SURVEY,CROPS,FIELD CROPS,CORN,ALL CLASSES,ALL PRODUCTION PRACTICES,GRAIN,PRODUCTION,BU,"CORN, GRAIN - PRODUCTION, MEASURED IN BU",TOTAL,NOT SPECIFIED,COUNTY,19,19,IA,IOWA,60,EAST CENTRAL,163.0,163,SCOTT,,,0,,,9000,UNITED STATES,"IOWA, EAST CENTRAL, SCOTT",2021,ANNUAL,0,0,YEAR,,2023-02-24 15:00:00.000,"21,235,000",1.3
SURVEY,CROPS,FIELD CROPS,CORN,ALL CLASSES,ALL PRODUCTION PRACTICES,GRAIN,PRODUCTION,BU,"CORN, GRAIN - PRODUCTION, MEASURED IN BU",TOTAL,NOT SPECIFIED,COUNTY,19,19,IA,IOWA,70,SOUTHWEST,1.0,1,ADAIR,,,0,,,9000,UNITED STATES,"IOWA, SOUTHWEST, ADAIR",2022,ANNUAL,0,0,YEAR,,2023-02-24 15:00:00.000,"17,520,000",3.4
SURVEY,CROPS,FIELD CROPS,CORN,ALL CLASSES,ALL PRODUCTION PRACTICES,GRAIN,PRODUCTION,BU,"CORN, GRAIN - PRODUCTION, MEASURED IN BU",TOTAL,NOT SPECIFIED,COUNTY,19,19,IA,IOWA,70,SOUTHWEST,29.0,29,CASS,,,0,,,9000,UNITED STATES,"IOWA, SOUTHWEST, CASS",2022,ANNUAL,0,0,YEAR,,2023-02-24 15:00:00.000,"22,203,000",3.1
SURVEY,CROPS,FIELD CROPS,CORN,ALL CLASSES,ALL PRODUCTION PRACTICES,GRAIN,PRODUCTION,BU,"CORN, GRAIN - PRODUCTION, MEASURED IN BU",TOTAL,NOT SPECIFIED,COUNTY,19,19,IA,IOWA,70,SOUTHWEST,29.0,29,CASS,,,0,,,9000,UNITED STATES,"IOWA, SOUTHWEST, CASS",2021,ANNUAL,0,0,YEAR,,2023-02-24 15:00:00.000,"27,060,000",2.9
SURVEY,CROPS,FIELD CROPS,CORN,ALL CLASSES,ALL PRODUCTION PRACTICES,GRAIN,PRODUCTION,BU,"CORN, GRAIN - PRODUCTION, MEASURED IN BU",TOTAL,NOT SPECIFIED,COUNTY,19,19,IA,IOWA,70,SOUTHWEST,71.0,71,FREMONT,,,0,,,9000,UNITED STATES,"IOWA, SOUTHWEST, FREMONT",2022,ANNUAL,0,0,YEAR,,2023-02-24 15:00:00.000,"21,344,000",2.4
SURVEY,CROPS,FIELD CROPS,CORN,ALL CLASSES,ALL PRODUCTION PRACTICES,GRAIN,PRODUCTION,BU,"CORN, GRAIN - PRODUCTION, MEASURED IN BU",TOTAL,NOT SPECIFIED,COUNTY,19,19,IA,IOWA,70,SOUTHWEST,71.0,71,FREMONT,,,0,,,9000,UNITED STATES,"IOWA, SOUTHWEST, FREMONT",2021,ANNUAL,0,0,YEAR,,2023-02-24 15:00:00.000,"23,274,000",2.9
SURVEY,CROPS,FIELD CROPS,CORN,ALL CLASSES,ALL PRODUCTION PRACTICES,GRAIN,PRODUCTION,BU,"CORN, GRAIN - PRODUCTION, MEASURED IN BU",TOTAL,NOT SPECIFIED,COUNTY,19,19,IA,IOWA,70,SOUTHWEST,129.0,129,MILLS,,,0,,,9000,UNITED STATES,"IOWA, SOUTHWEST, MILLS",2022,ANNUAL,0,0,YEAR,,2023-02-24 15:00:00.000,"18,193,000",1.8
SURVEY,CROPS,FIELD CROPS,CORN,ALL CLASSES,ALL PRODUCTION PRACTICES,GRAIN,PRODUCTION,BU,"CORN, GRAIN - PRODUCTION, MEASURED IN BU",TOTAL,NOT SPECIFIED,COUNTY,19,19,IA,IOWA,70,SOUTHWEST,129.0,129,MILLS,,,0,,,9000,UNITED STATES,"IOWA, SOUTHWEST, MILLS",2021,ANNUAL,0,0,YEAR,,2023-02-24 15:00:00.000,"19,197,000",1.9
SURVEY,CROPS,FIELD CROPS,CORN,ALL CLASSES,ALL PRODUCTION PRACTICES,GRAIN,PRODUCTION,BU,"CORN, GRAIN - PRODUCTION, MEASURED IN BU",TOTAL,NOT SPECIFIED,COUNTY,19,19,IA,IOWA,70,SOUTHWEST,137.0,137,MONTGOMERY,,,0,,,9000,UNITED STATES,"IOWA, SOUTHWEST, MONTGOMERY",2022,ANNUAL,0,0,YEAR,,2023-02-24 15:00:00.000,"17,052,000",1.9
SURVEY,CROPS,FIELD CROPS,CORN,ALL CLASSES,ALL PRODUCTION PRACTICES,GRAIN,PRODUCTION,BU,"CORN, GRAIN - PRODUCTION, MEASURED IN BU",TOTAL,NOT SPECIFIED,COUNTY,19,19,IA,IOWA,70,SOUTHWEST,137.0,137,MONTGOMERY,,,0,,,9000,UNITED STATES,"IOWA, SOUTHWEST, MONTGOMERY",2021,ANNUAL,0,0,YEAR,,2023-02-24 15:00:00.000,"18,543,000",3.5
SURVEY,CROPS,FIELD CROPS,CORN,ALL CLASSES,ALL PRODUCTION PRACTICES,GRAIN,PRODUCTION,BU,"CORN, GRAIN - PRODUCTION, MEASURED IN BU",TOTAL,NOT SPECIFIED,COUNTY,19,19,IA,IOWA,70,SOUTHWEST,145.0,145,PAGE,,,0,,,9000,UNITED STATES,"IOWA, SOUTHWEST, PAGE",2022,ANNUAL,0,0,YEAR,,2023-02-24 15:00:00.000,"19,876,000",3.6
SURVEY,CROPS,FIELD CROPS,CORN,ALL CLASSES,ALL PRODUCTION PRACTICES,GRAIN,PRODUCTION,BU,"CORN, GRAIN - PRODUCTION, MEASURED IN BU",TOTAL,NOT SPECIFIED,COUNTY,19,19,IA,IOWA,70,SOUTHWEST,145.0,145,PAGE,,,0,,,9000,UNITED STATES,"IOWA, SOUTHWEST, PAGE",2021,ANNUAL,0,0,YEAR,,2023-02-24 15:00:00.000,"22,014,000",2.3
SURVEY,CROPS,FIELD CROPS,CORN,ALL CLASSES,ALL PRODUCTION PRACTICES,GRAIN,PRODUCTION,BU,"CORN, GRAIN - PRODUCTION, MEASURED IN BU",TOTAL,NOT SPECIFIED,COUNTY,19,19,IA,IOWA,70,SOUTHWEST,155.0,155,POTTAWATTAMIE,,,0,,,9000,UNITED STATES,"IOWA, SOUTHWEST, POTTAWATTAMIE",2022,ANNUAL,0,0,YEAR,,2023-02-24 15:00:00.000,"45,435,000",2.2
SURVEY,CROPS,FIELD CROPS,CORN,ALL CLASSES,ALL PRODUCTION PRACTICES,GRAIN,PRODUCTION,BU,"CORN, GRAIN - PRODUCTION, MEASURED IN BU",TOTAL,NOT SPECIFIED,COUNTY,19,19,IA,IOWA,70,SOUTHWEST,155.0,155,POTTAWATTAMIE,,,0,,,9000,UNITED STATES,"IOWA, SOUTHWEST, POTTAWATTAMIE",2021,ANNUAL,0,0,YEAR,,2023-02-24 15:00:00.000,"49,965,000",2.7
SURVEY,CROPS,FIELD CROPS,CORN,ALL CLASSES,ALL PRODUCTION PRACTICES,GRAIN,PRODUCTION,BU,"CORN, GRAIN - PRODUCTION, MEASURED IN BU",TOTAL,NOT SPECIFIED,COUNTY,19,19,IA,IOWA,70,SOUTHWEST,173.0,173,TAYLOR,,,0,,,9000,UNITED STATES,"IOWA, SOUTHWEST, TAYLOR",2022,ANNUAL,0,0,YEAR,,2023-02-24 15:00:00.000,"13,699,000",4.1
SURVEY,CROPS,FIELD CROPS,CORN,ALL CLASSES,ALL PRODUCTION PRACTICES,GRAIN,PRODUCTION,BU,"CORN, GRAIN - PRODUCTION, MEASURED IN BU",TOTAL,NOT SPECIFIED,COUNTY,19,19,IA,IOWA,70,SOUTHWEST,173.0,173,TAYLOR,,,0,,,9000,UNITED STATES,"IOWA, SOUTHWEST, TAYLOR",2021,ANNUAL,0,0,YEAR,,2023-02-24 15:00:00.000,"15,533,000",3.2
SURVEY,CROPS,FIELD CROPS,CORN,ALL CLASSES,ALL PRODUCTION PRACTICES,GRAIN,PRODUCTION,BU,"CORN, GRAIN - PRODUCTION, MEASURED IN BU",TOTAL,NOT SPECIFIED,COUNTY,19,19,IA,IOWA,80,SOUTH CENTRAL,7.0,7,APPANOOSE,,,0,,,9000,UNITED STATES,"IOWA, SOUTH CENTRAL, APPANOOSE",2022,ANNUAL,0,0,YEAR,,2023-02-24 15:00:00.000,"4,149,000",4.1
SURVEY,CROPS,FIELD CROPS,CORN,ALL CLASSES,ALL PRODUCTION PRACTICES,GRAIN,PRODUCTION,BU,"CORN, GRAIN - PRODUCTION, MEASURED IN BU",TOTAL,NOT SPECIFIED,COUNTY,19,19,IA,IOWA,80,SOUTH CENTRAL,7.0,7,APPANOOSE,,,0,,,9000,UNITED STATES,"IOWA, SOUTH CENTRAL, APPANOOSE",2021,ANNUAL,0,0,YEAR,,2023-02-24 15:00:00.000,"5,526,000",2.7
SURVEY,CROPS,FIELD CROPS,CORN,ALL CLASSES,ALL PRODUCTION PRACTICES,GRAIN,PRODUCTION,BU,"CORN, GRAIN - PRODUCTION, MEASURED IN BU",TOTAL,NOT SPECIFIED,COUNTY,19,19,IA,IOWA,80,SOUTH CENTRAL,53.0,53,DECATUR,,,0,,,9000,UNITED STATES,"IOWA, SOUTH CENTRAL, DECATUR",2022,ANNUAL,0,0,YEAR,,2023-02-24 15:00:00.000,"4,550,000",3.8
SURVEY,CROPS,FIELD CROPS,CORN,ALL CLASSES,ALL PRODUCTION PRACTICES,GRAIN,PRODUCTION,BU,"CORN, GRAIN - PRODUCTION, MEASURED IN BU",TOTAL,NOT SPECIFIED,COUNTY,19,19,IA,IOWA,80,SOUTH CENTRAL,117.0,117,LUCAS,,,0,,,9000,UNITED STATES,"IOWA, SOUTH CENTRAL, LUCAS",2022,ANNUAL,0,0,YEAR,,2023-02-24 15:00:00.000,"4,157,000",5.7
SURVEY,CROPS,FIELD CROPS,CORN,ALL CLASSES,ALL PRODUCTION PRACTICES,GRAIN,PRODUCTION,BU,"CORN, GRAIN - PRODUCTION, MEASURED IN BU",TOTAL,NOT SPECIFIED,COUNTY,19,19,IA,IOWA,80,SOUTH CENTRAL,117.0,117,LUCAS,,,0,,,9000,UNITED STATES,"IOWA, SOUTH CENTRAL, LUCAS",2021,ANNUAL,0,0,YEAR,,2023-02-24 15:00:00.000,"5,315,000",2.7
SURVEY,CROPS,FIELD CROPS,CORN,ALL CLASSES,ALL PRODUCTION PRACTICES,GRAIN,PRODUCTION,BU,"CORN, GRAIN - PRODUCTION, MEASURED IN BU",TOTAL,NOT SPECIFIED,COUNTY,19,19,IA,IOWA,80,SOUTH CENTRAL,121.0,121,MADISON,,,0,,,9000,UNITED STATES,"IOWA, SOUTH CENTRAL, MADISON",2022,ANNUAL,0,0,YEAR,,2023-02-24 15:00:00.000,"11,416,000",3.9
SURVEY,CROPS,FIELD CROPS,CORN,ALL CLASSES,ALL PRODUCTION PRACTICES,GRAIN,PRODUCTION,BU,"CORN, GRAIN - PRODUCTION, MEASURED IN BU",TOTAL,NOT SPECIFIED,COUNTY,19,19,IA,IOWA,80,SOUTH CENTRAL,121.0,121,MADISON,,,0,,,9000,UNITED STATES,"IOWA, SOUTH CENTRAL, MADISON",2021,ANNUAL,0,0,YEAR,,2023-02-24 15:00:00.000,"12,421,000",3.0
SURVEY,CROPS,FIELD CROPS,CORN,ALL CLASSES,ALL PRODUCTION PRACTICES,GRAIN,PRODUCTION,BU,"CORN, GRAIN - PRODUCTION, MEASURED IN BU",TOTAL,NOT SPECIFIED,COUNTY,19,19,IA,IOWA,80,SOUTH CENTRAL,125.0,125,MARION,,,0,,,9000,UNITED STATES,"IOWA, SOUTH CENTRAL, MARION",2022,ANNUAL,0,0,YEAR,,2023-02-24 15:00:00.000,"12,860,000",3.0
SURVEY,CROPS,FIELD CROPS,CORN,ALL CLASSES,ALL PRODUCTION PRACTICES,GRAIN,PRODUCTION,BU,"CORN, GRAIN - PRODUCTION, MEASURED IN BU",TOTAL,NOT SPECIFIED,COUNTY,19,19,IA,IOWA,80,SOUTH CENTRAL,125.0,125,MARION,,,0,,,9000,UNITED STATES,"IOWA, SOUTH CENTRAL, MARION",2021,ANNUAL,0,0,YEAR,,2023-02-24 15:00:00.000,"14,395,000",2.4
SURVEY,CROPS,FIELD CROPS,CORN,ALL CLASSES,ALL PRODUCTION PRACTICES,GRAIN,PRODUCTION,BU,"CORN, GRAIN - PRODUCTION, MEASURED IN BU",TOTAL,NOT SPECIFIED,COUNTY,19,19,IA,IOWA,80,SOUTH CENTRAL,135.0,135,MONROE,,,0,,,9000,UNITED STATES,"IOWA, SOUTH CENTRAL, MONROE",2022,ANNUAL,0,0,YEAR,,2023-02-24 15:00:00.000,"3,315,000",5.6
SURVEY,CROPS,FIELD CROPS,CORN,ALL CLASSES,ALL PRODUCTION PRACTICES,GRAIN,PRODUCTION,BU,"CORN, GRAIN - PRODUCTION, MEASURED IN BU",TOTAL,NOT SPECIFIED,COUNTY,19,19,IA,IOWA,80,SOUTH CENTRAL,135.0,135,MONROE,,,0,,,9000,UNITED STATES,"IOWA, SOUTH CENTRAL, MONROE",2021,ANNUAL,0,0,YEAR,,2023-02-24 15:00:00.000,"4,751,000",5.1
SURVEY,CROPS,FIELD CROPS,CORN,ALL CLASSES,ALL PRODUCTION PRACTICES,GRAIN,PRODUCTION,BU,"CORN, GRAIN - PRODUCTION, MEASURED IN BU",TOTAL,NOT SPECIFIED,COUNTY,19,19,IA,IOWA,80,SOUTH CENTRAL,159.0,159,RINGGOLD,,,0,,,9000,UNITED STATES,"IOWA, SOUTH CENTRAL, RINGGOLD",2022,ANNUAL,0,0,YEAR,,2023-02-24 15:00:00.000,"7,924,000",6.3
SURVEY,CROPS,FIELD CROPS,CORN,ALL CLASSES,ALL PRODUCTION PRACTICES,GRAIN,PRODUCTION,BU,"CORN, GRAIN - PRODUCTION, MEASURED IN BU",TOTAL,NOT SPECIFIED,COUNTY,19,19,IA,IOWA,80,SOUTH CENTRAL,159.0,159,RINGGOLD,,,0,,,9000,UNITED STATES,"IOWA, SOUTH CENTRAL, RINGGOLD",2021,ANNUAL,0,0,YEAR,,2023-02-24 15:00:00.000,"8,526,000",1.6
SURVEY,CROPS,FIELD CROPS,CORN,ALL CLASSES,ALL PRODUCTION PRACTICES,GRAIN,PRODUCTION,BU,"CORN, GRAIN - PRODUCTION, MEASURED IN BU",TOTAL,NOT SPECIFIED,COUNTY,19,19,IA,IOWA,80,SOUTH CENTRAL,175.0,175,UNION,,,0,,,9000,UNITED STATES,"IOWA, SOUTH CENTRAL, UNION",2022,ANNUAL,0,0,YEAR,,2023-02-24 15:00:00.000,"7,888,000",6.0
SURVEY,CROPS,FIELD CROPS,CORN,ALL CLASSES,ALL PRODUCTION PRACTICES,GRAIN,PRODUCTION,BU,"CORN, GRAIN - PRODUCTION, MEASURED IN BU",TOTAL,NOT SPECIFIED,COUNTY,19,19,IA,IOWA,80,SOUTH CENTRAL,175.0,175,UNION,,,0,,,9000,UNITED STATES,"IOWA, SOUTH CENTRAL, UNION",2021,ANNUAL,0,0,YEAR,,2023-02-24 15:00:00.000,"10,019,000",3.3
SURVEY,CROPS,FIELD CROPS,CORN,ALL CLASSES,ALL PRODUCTION PRACTICES,GRAIN,PRODUCTION,BU,"CORN, GRAIN - PRODUCTION, MEASURED IN BU",TOTAL,NOT SPECIFIED,COUNTY,19,19,IA,IOWA,80,SOUTH CENTRAL,181.0,181,WARREN,,,0,,,9000,UNITED STATES,"IOWA, SOUTH CENTRAL, WARREN",2022,ANNUAL,0,0,YEAR,,2023-02-24 15:00:00.000,"9,373,000",3.8
SURVEY,CROPS,FIELD CROPS,CORN,ALL CLASSES,ALL PRODUCTION PRACTICES,GRAIN,PRODUCTION,BU,"CORN, GRAIN - PRODUCTION, MEASURED IN BU",TOTAL,NOT SPECIFIED,COUNTY,19,19,IA,IOWA,80,SOUTH CENTRAL,185.0,185,WAYNE,,,0,,,9000,UNITED STATES,"IOWA, SOUTH CENTRAL, WAYNE",2022,ANNUAL,0,0,YEAR,,2023-02-24 15:00:00.000,"9,253,000",2.2
SURVEY,CROPS,FIELD CROPS,CORN,ALL CLASSES,ALL PRODUCTION PRACTICES,GRAIN,PRODUCTION,BU,"CORN, GRAIN - PRODUCTION, MEASURED IN BU",TOTAL,NOT SPECIFIED,COUNTY,19,19,IA,IOWA,80,SOUTH CENTRAL,185.0,185,WAYNE,,,0,,,9000,UNITED STATES,"IOWA, SOUTH CENTRAL, WAYNE",2021,ANNUAL,0,0,YEAR,,2023-02-24 15:00:00.000,"10,142,000",2.9
SURVEY,CROPS,FIELD CROPS,CORN,ALL CLASSES,ALL PRODUCTION PRACTICES,GRAIN,PRODUCTION,BU,"CORN, GRAIN - PRODUCTION, MEASURED IN BU",TOTAL,NOT SPECIFIED,COUNTY,19,19,IA,IOWA,90,SOUTHEAST,51.0,51,DAVIS,,,0,,,9000,UNITED STATES,"IOWA, SOUTHEAST, DAVIS",2022,ANNUAL,0,0,YEAR,,2023-02-24 15:00:00.000,"6,196,000",5.1
SURVEY,CROPS,FIELD CROPS,CORN,ALL CLASSES,ALL PRODUCTION PRACTICES,GRAIN,PRODUCTION,BU,"CORN, GRAIN - PRODUCTION, MEASURED IN BU",TOTAL,NOT SPECIFIED,COUNTY,19,19,IA,IOWA,90,SOUTHEAST,51.0,51,DAVIS,,,0,,,9000,UNITED STATES,"IOWA, SOUTHEAST, DAVIS",2021,ANNUAL,0,0,YEAR,,2023-02-24 15:00:00.000,"7,061,000",5.8
SURVEY,CROPS,FIELD CROPS,CORN,ALL CLASSES,ALL PRODUCTION PRACTICES,GRAIN,PRODUCTION,BU,"CORN, GRAIN - PRODUCTION, MEASURED IN BU",TOTAL,NOT SPECIFIED,COUNTY,19,19,IA,IOWA,90,SOUTHEAST,57.0,57,DES MOINES,,,0,,,9000,UNITED STATES,"IOWA, SOUTHEAST, DES MOINES",2022,ANNUAL,0,0,YEAR,,2023-02-24 15:00:00.000,"13,402,000",4.3
SURVEY,CROPS,FIELD CROPS,CORN,ALL CLASSES,ALL PRODUCTION PRACTICES,GRAIN,PRODUCTION,BU,"CORN, GRAIN - PRODUCTION, MEASURED IN BU",TOTAL,NOT SPECIFIED,COUNTY,19,19,IA,IOWA,90,SOUTHEAST,87.0,87,HENRY,,,0,,,9000,UNITED STATES,"IOWA, SOUTHEAST, HENRY",2022,ANNUAL,0,0,YEAR,,2023-02-24 15:00:00.000,"12,946,000",3.8
SURVEY,CROPS,FIELD CROPS,CORN,ALL CLASSES,ALL PRODUCTION PRACTICES,GRAIN,PRODUCTION,BU,"CORN, GRAIN - PRODUCTION, MEASURED IN BU",TOTAL,NOT SPECIFIED,COUNTY,19,19,IA,IOWA,90,SOUTHEAST,87.0,87,HENRY,,,0,,,9000,UNITED STATES,"IOWA, SOUTHEAST, HENRY",2021,ANNUAL,0,0,YEAR,,2023-02-24 15:00:00.000,"12,695,000",4.4
SURVEY,CROPS,FIELD CROPS,CORN,ALL CLASSES,ALL PRODUCTION PRACTICES,GRAIN,PRODUCTION,BU,"CORN, GRAIN - PRODUCTION, MEASURED IN BU",TOTAL,NOT SPECIFIED,COUNTY,19,19,IA,IOWA,90,SOUTHEAST,101.0,101,JEFFERSON,,,0,,,9000,UNITED STATES,"IOWA, SOUTHEAST, JEFFERSON",2022,ANNUAL,0,0,YEAR,,2023-02-24 15:00:00.000,"11,712,000",1.6
SURVEY,CROPS,FIELD CROPS,CORN,ALL CLASSES,ALL PRODUCTION PRACTICES,GRAIN,PRODUCTION,BU,"CORN, GRAIN - PRODUCTION, MEASURED IN BU",TOTAL,NOT SPECIFIED,COUNTY,19,19,IA,IOWA,90,SOUTHEAST,101.0,101,JEFFERSON,,,0,,,9000,UNITED STATES,"IOWA, SOUTHEAST, JEFFERSON",2021,ANNUAL,0,0,YEAR,,2023-02-24 15:00:00.000,"11,447,000",4.4
SURVEY,CROPS,FIELD CROPS,CORN,ALL CLASSES,ALL PRODUCTION PRACTICES,GRAIN,PRODUCTION,BU,"CORN, GRAIN - PRODUCTION, MEASURED IN BU",TOTAL,NOT SPECIFIED,COUNTY,19,19,IA,IOWA,90,SOUTHEAST,107.0,107,KEOKUK,,,0,,,9000,UNITED STATES,"IOWA, SOUTHEAST, KEOKUK",2022,ANNUAL,0,0,YEAR,,2023-02-24 15:00:00.000,"19,613,000",3.3
SURVEY,CROPS,FIELD CROPS,CORN,ALL CLASSES,ALL PRODUCTION PRACTICES,GRAIN,PRODUCTION,BU,"CORN, GRAIN - PRODUCTION, MEASURED IN BU",TOTAL,NOT SPECIFIED,COUNTY,19,19,IA,IOWA,90,SOUTHEAST,107.0,107,KEOKUK,,,0,,,9000,UNITED STATES,"IOWA, SOUTHEAST, KEOKUK",2021,ANNUAL,0,0,YEAR,,2023-02-24 15:00:00.000,"20,986,000",2.5
SURVEY,CROPS,FIELD CROPS,CORN,ALL CLASSES,ALL PRODUCTION PRACTICES,GRAIN,PRODUCTION,BU,"CORN, GRAIN - PRODUCTION, MEASURED IN BU",TOTAL,NOT SPECIFIED,COUNTY,19,19,IA,IOWA,90,SOUTHEAST,111.0,111,LEE,,,0,,,9000,UNITED STATES,"IOWA, SOUTHEAST, LEE",2022,ANNUAL,0,0,YEAR,,2023-02-24 15:00:00.000,"12,670,000",3.9
SURVEY,CROPS,FIELD CROPS,CORN,ALL CLASSES,ALL PRODUCTION PRACTICES,GRAIN,PRODUCTION,BU,"CORN, GRAIN - PRODUCTION, MEASURED IN BU",TOTAL,NOT SPECIFIED,COUNTY,19,19,IA,IOWA,90,SOUTHEAST,111.0,111,LEE,,,0,,,9000,UNITED STATES,"IOWA, SOUTHEAST, LEE",2021,ANNUAL,0,0,YEAR,,2023-02-24 15:00:00.000,"11,661,000",5.6
SURVEY,CROPS,FIELD CROPS,CORN,ALL CLASSES,ALL PRODUCTION PRACTICES,GRAIN,PRODUCTION,BU,"CORN, GRAIN - PRODUCTION, MEASURED IN BU",TOTAL,NOT SPECIFIED,COUNTY,19,19,IA,IOWA,90,SOUTHEAST,115.0,115,LOUISA,,,0,,,9000,UNITED STATES,"IOWA, SOUTHEAST, LOUISA",2022,ANNUAL,0,0,YEAR,,2023-02-24 15:00:00.000,"15,135,000",3.0
SURVEY,CROPS,FIELD CROPS,CORN,ALL CLASSES,ALL PRODUCTION PRACTICES,GRAIN,PRODUCTION,BU,"CORN, GRAIN - PRODUCTION, MEASURED IN BU",TOTAL,NOT SPECIFIED,COUNTY,19,19,IA,IOWA,90,SOUTHEAST,115.0,115,LOUISA,,,0,,,9000,UNITED STATES,"IOWA, SOUTHEAST, LOUISA",2021,ANNUAL,0,0,YEAR,,2023-02-24 15:00:00.000,"14,724,000",3.8
SURVEY,CROPS,FIELD CROPS,CORN,ALL CLASSES,ALL PRODUCTION PRACTICES,GRAIN,PRODUCTION,BU,"CORN, GRAIN - PRODUCTION, MEASURED IN BU",TOTAL,NOT SPECIFIED,COUNTY,19,19,IA,IOWA,90,SOUTHEAST,123.0,123,MAHASKA,,,0,,,9000,UNITED STATES,"IOWA, SOUTHEAST, MAHASKA",2022,ANNUAL,0,0,YEAR,,2023-02-24 15:00:00.000,"23,306,000",1.8
SURVEY,CROPS,FIELD CROPS,CORN,ALL CLASSES,ALL PRODUCTION PRACTICES,GRAIN,PRODUCTION,BU,"CORN, GRAIN - PRODUCTION, MEASURED IN BU",TOTAL,NOT SPECIFIED,COUNTY,19,19,IA,IOWA,90,SOUTHEAST,123.0,123,MAHASKA,,,0,,,9000,UNITED STATES,"IOWA, SOUTHEAST, MAHASKA",2021,ANNUAL,0,0,YEAR,,2023-02-24 15:00:00.000,"25,423,000",2.5
SURVEY,CROPS,FIELD CROPS,CORN,ALL CLASSES,ALL PRODUCTION PRACTICES,GRAIN,PRODUCTION,BU,"CORN, GRAIN - PRODUCTION, MEASURED IN BU",TOTAL,NOT SPECIFIED,COUNTY,19,19,IA,IOWA,90,SOUTHEAST,177.0,177,VAN BUREN,,,0,,,9000,UNITED STATES,"IOWA, SOUTHEAST, VAN BUREN",2022,ANNUAL,0,0,YEAR,,2023-02-24 15:00:00.000,"7,823,000",4.8
SURVEY,CROPS,FIELD CROPS,CORN,ALL CLASSES,ALL PRODUCTION PRACTICES,GRAIN,PRODUCTION,BU,"CORN, GRAIN - PRODUCTION, MEASURED IN BU",TOTAL,NOT SPECIFIED,COUNTY,19,19,IA,IOWA,90,SOUTHEAST,177.0,177,VAN BUREN,,,0,,,9000,UNITED STATES,"IOWA, SOUTHEAST, VAN BUREN",2021,ANNUAL,0,0,YEAR,,2023-02-24 15:00:00.000,"7,654,000",6.2
SURVEY,CROPS,FIELD CROPS,CORN,ALL CLASSES,ALL PRODUCTION PRACTICES,GRAIN,PRODUCTION,BU,"CORN, GRAIN - PRODUCTION, MEASURED IN BU",TOTAL,NOT SPECIFIED,COUNTY,19,19,IA,IOWA,90,SOUTHEAST,179.0,179,WAPELLO,,,0,,,9000,UNITED STATES,"IOWA, SOUTHEAST, WAPELLO",2022,ANNUAL,0,0,YEAR,,2023-02-24 15:00:00.000,"9,274,000",2.8
SURVEY,CROPS,FIELD CROPS,CORN,ALL CLASSES,ALL PRODUCTION PRACTICES,GRAIN,PRODUCTION,BU,"CORN, GRAIN - PRODUCTION, MEASURED IN BU",TOTAL,NOT SPECIFIED,COUNTY,19,19,IA,IOWA,90,SOUTHEAST,179.0,179,WAPELLO,,,0,,,9000,UNITED STATES,"IOWA, SOUTHEAST, WAPELLO",2021,ANNUAL,0,0,YEAR,,2023-02-24 15:00:00.000,"10,164,000",2.1
SURVEY,CROPS,FIELD CROPS,CORN,ALL CLASSES,ALL PRODUCTION PRACTICES,GRAIN,PRODUCTION,BU,"CORN, GRAIN - PRODUCTION, MEASURED IN BU",TOTAL,NOT SPECIFIED,COUNTY,19,19,IA,IOWA,90,SOUTHEAST,183.0,183,WASHINGTON,,,0,,,9000,UNITED STATES,"IOWA, SOUTHEAST, WASHINGTON",2022,ANNUAL,0,0,YEAR,,2023-02-24 15:00:00.000,"20,910,000",2.4
SURVEY,CROPS,FIELD CROPS,CORN,ALL CLASSES,ALL PRODUCTION PRACTICES,GRAIN,PRODUCTION,BU,"CORN, GRAIN - PRODUCTION, MEASURED IN BU",TOTAL,NOT SPECIFIED,COUNTY,19,19,IA,IOWA,99,,,998,OTHER COUNTIES,,,0,,,9000,UNITED STATES,"IOWA, OTHER COUNTIES",2022,ANNUAL,0,0,YEAR,,2023-02-24 15:00:00.000,"14,332,000",3.3
SURVEY,CROPS,FIELD CROPS,CORN,ALL CLASSES,ALL PRODUCTION PRACTICES,GRAIN,PRODUCTION,BU,"CORN, GRAIN - PRODUCTION, MEASURED IN BU",TOTAL,NOT SPECIFIED,COUNTY,19,19,IA,IOWA,99,,,998,OTHER COUNTIES,,,0,,,9000,UNITED STATES,"IOWA, OTHER COUNTIES",2021,ANNUAL,0,0,YEAR,,2023-02-24 15:00:00.000,"335,373,000",0.7
